# PROCESSED SYNTHETIC DATASET -- smoothed, turbidity-corrected, photometric flags
# DEMONSTRATION DATASET. Synthetically generated for portfolio purposes. These values were not measured on any instrument and do not describe a real sample.
wavelength_nm,photon_energy_eV,absorbance_raw,absorbance_smoothed,scattering_baseline,absorbance_scatter_corrected,photometrically_unreliable
200.0,6.19921,3.59078,3.59072,2.77583,0.81489,True
201.0,6.16837,3.57772,3.57516,2.74804,0.82712,True
202.0,6.13783,3.55556,3.56027,2.72067,0.8396,True
203.0,6.1076,3.54603,3.54597,2.6937,0.85226,True
204.0,6.07766,3.53415,3.5322,2.66714,0.86507,True
205.0,6.04801,3.51994,3.51892,2.64096,0.87796,True
206.0,6.01865,3.50499,3.50605,2.61516,0.89088,True
207.0,5.98957,3.49362,3.49353,2.58974,0.90378,True
208.0,5.96078,3.4816,3.48147,2.56469,0.91678,True
209.0,5.93226,3.4689,3.46961,2.54,0.92961,True
210.0,5.90401,3.45889,3.45716,2.51566,0.9415,True
211.0,5.87603,3.44552,3.4449,2.49167,0.95323,True
212.0,5.84831,3.43094,3.43352,2.46802,0.9655,True
213.0,5.82085,3.42463,3.42206,2.44471,0.97735,True
214.0,5.79365,3.41043,3.41026,2.42172,0.98854,True
215.0,5.76671,3.39634,3.39855,2.39905,0.99949,True
216.0,5.74001,3.38782,3.38743,2.3767,1.01072,True
217.0,5.71356,3.37595,3.37634,2.35466,1.02168,True
218.0,5.68735,3.36836,3.36535,2.33293,1.03243,True
219.0,5.66138,3.35246,3.35469,2.31149,1.0432,True
220.0,5.63565,3.34237,3.3436,2.29035,1.05325,True
221.0,5.61014,3.33373,3.33298,2.26949,1.06349,True
222.0,5.58487,3.32552,3.32272,2.24892,1.07381,True
223.0,5.55983,3.31146,3.31241,2.22862,1.08378,True
224.0,5.53501,3.30076,3.30243,2.2086,1.09383,True
225.0,5.51041,3.29347,3.29264,2.18884,1.1038,True
226.0,5.48603,3.28093,3.28357,2.16935,1.11422,True
227.0,5.46186,3.27307,3.27403,2.15012,1.12391,True
228.0,5.4379,3.26709,3.26443,2.13114,1.13329,True
229.0,5.41416,3.25557,3.25451,2.11241,1.1421,True
230.0,5.39062,3.24557,3.24511,2.09393,1.15118,True
231.0,5.36728,3.23684,3.23542,2.07568,1.15974,True
232.0,5.34415,3.22649,3.22585,2.05768,1.16818,True
233.0,5.32121,3.21493,3.21624,2.0399,1.17634,True
234.0,5.29847,3.205,3.2072,2.02236,1.18485,True
235.0,5.27592,3.19472,3.19784,2.00504,1.1928,True
236.0,5.25357,3.1905,3.18913,1.98794,1.20119,True
237.0,5.2314,3.18111,3.18027,1.97105,1.20921,True
238.0,5.20942,3.17326,3.17182,1.95438,1.21744,True
239.0,5.18762,3.16287,3.16345,1.93792,1.22553,True
240.0,5.16601,3.15885,3.15434,1.92167,1.23267,True
241.0,5.14457,3.14235,3.14578,1.90562,1.24016,True
242.0,5.12331,3.13741,3.1372,1.88977,1.24742,True
243.0,5.10223,3.12749,3.12842,1.87412,1.2543,True
244.0,5.08132,3.12067,3.11971,1.85866,1.26105,True
245.0,5.06058,3.10846,3.11125,1.84339,1.26786,True
246.0,5.04001,3.09971,3.10253,1.82831,1.27422,True
247.0,5.0196,3.1003,3.09408,1.81341,1.28067,True
248.0,4.99936,3.08688,3.08604,1.79869,1.28735,True
249.0,4.97929,3.07726,3.07789,1.78415,1.29374,True
250.0,4.95937,3.06678,3.06962,1.76978,1.29984,True
251.0,4.93961,3.06126,3.06072,1.75559,1.30513,True
252.0,4.92001,3.04982,3.05163,1.74156,1.31006,True
253.0,4.90056,3.04569,3.04228,1.72771,1.31457,True
254.0,4.88127,3.03387,3.03281,1.71401,1.31879,True
255.0,4.86213,3.02768,3.02431,1.70048,1.32383,True
256.0,4.84313,3.01142,3.01564,1.68711,1.32853,True
257.0,4.82429,3.00318,3.00723,1.6739,1.33333,True
258.0,4.80559,2.99708,2.99828,1.66084,1.33745,True
259.0,4.78703,2.99203,2.98971,1.64793,1.34178,True
260.0,4.76862,2.98248,2.98055,1.63517,1.34539,True
261.0,4.75035,2.97299,2.97237,1.62256,1.34981,True
262.0,4.73222,2.96504,2.96375,1.61009,1.35366,True
263.0,4.71423,2.95618,2.95571,1.59776,1.35794,True
264.0,4.69637,2.94397,2.94688,1.58558,1.3613,True
265.0,4.67865,2.93726,2.93798,1.57353,1.36444,True
266.0,4.66106,2.92768,2.92894,1.56162,1.36732,True
267.0,4.6436,2.92245,2.9201,1.54985,1.37025,True
268.0,4.62628,2.91001,2.91111,1.53821,1.37291,True
269.0,4.60908,2.90383,2.90215,1.52669,1.37545,True
270.0,4.59201,2.89367,2.893,1.51531,1.37769,True
271.0,4.57506,2.88455,2.88403,1.50405,1.37997,True
272.0,4.55824,2.87302,2.87456,1.49292,1.38164,True
273.0,4.54155,2.86405,2.8647,1.48191,1.38279,True
274.0,4.52497,2.85514,2.85509,1.47102,1.38407,True
275.0,4.50852,2.84641,2.84595,1.46025,1.3857,True
276.0,4.49218,2.83521,2.83617,1.4496,1.38656,True
277.0,4.47596,2.82765,2.82628,1.43906,1.38722,True
278.0,4.45986,2.81617,2.81661,1.42864,1.38797,True
279.0,4.44388,2.80567,2.80714,1.41833,1.38881,True
280.0,4.42801,2.80073,2.79735,1.40813,1.38922,True
281.0,4.41225,2.78705,2.78719,1.39804,1.38914,True
282.0,4.3966,2.77468,2.77713,1.38806,1.38906,True
283.0,4.38107,2.76589,2.76739,1.37819,1.3892,True
284.0,4.36564,2.75974,2.75731,1.36842,1.38889,True
285.0,4.35032,2.74796,2.74764,1.35875,1.38889,True
286.0,4.33511,2.73597,2.73734,1.34918,1.38815,True
287.0,4.32001,2.72542,2.72645,1.33972,1.38673,True
288.0,4.30501,2.71829,2.71639,1.33035,1.38603,True
289.0,4.29011,2.70776,2.70605,1.32108,1.38497,True
290.0,4.27532,2.69465,2.69515,1.31191,1.38324,True
291.0,4.26063,2.68463,2.68404,1.30283,1.38121,True
292.0,4.24603,2.66998,2.67335,1.29385,1.3795,True
293.0,4.23154,2.66121,2.66245,1.28496,1.37749,True
294.0,4.21715,2.65416,2.65121,1.27616,1.37505,True
295.0,4.20285,2.64051,2.63999,1.26745,1.37255,True
296.0,4.18866,2.62793,2.62861,1.25882,1.36979,True
297.0,4.17455,2.61743,2.61735,1.25029,1.36706,True
298.0,4.16054,2.60674,2.6062,1.24184,1.36436,True
299.0,4.14663,2.59418,2.59463,1.23348,1.36115,True
300.0,4.13281,2.58284,2.5829,1.2252,1.3577,True
301.0,4.11908,2.57167,2.57104,1.217,1.35404,True
302.0,4.10544,2.55699,2.55949,1.20889,1.3506,True
303.0,4.09189,2.54907,2.54797,1.20085,1.34712,True
304.0,4.07843,2.53771,2.53619,1.1929,1.34329,True
305.0,4.06506,2.52205,2.52413,1.18502,1.33911,True
306.0,4.05177,2.51465,2.5122,1.17722,1.33498,True
307.0,4.03857,2.49933,2.50021,1.1695,1.33071,False
308.0,4.02546,2.48823,2.48854,1.16186,1.32668,False
309.0,4.01243,2.47739,2.47655,1.15428,1.32226,False
310.0,3.99949,2.46294,2.46415,1.14679,1.31736,False
311.0,3.98663,2.4506,2.45216,1.13936,1.3128,False
312.0,3.97385,2.44119,2.44031,1.13201,1.30831,False
313.0,3.96116,2.42924,2.42801,1.12472,1.30329,False
314.0,3.94854,2.41717,2.41579,1.11751,1.29828,False
315.0,3.93601,2.40128,2.40352,1.11037,1.29315,False
316.0,3.92355,2.39168,2.39104,1.10329,1.28775,False
317.0,3.91117,2.37964,2.3791,1.09628,1.28281,False
318.0,3.89887,2.36623,2.36631,1.08934,1.27697,False
319.0,3.88665,2.35303,2.35354,1.08246,1.27108,False
320.0,3.87451,2.33977,2.34094,1.07565,1.26529,False
321.0,3.86244,2.33056,2.32849,1.0689,1.25959,False
322.0,3.85044,2.31558,2.31609,1.06222,1.25387,False
323.0,3.83852,2.30522,2.30368,1.05559,1.24809,False
324.0,3.82667,2.28799,2.29198,1.04903,1.24294,False
325.0,3.8149,2.28018,2.28074,1.04253,1.2382,False
326.0,3.8032,2.2666,2.26932,1.03609,1.23323,False
327.0,3.79157,2.25515,2.25685,1.02971,1.22714,False
328.0,3.78001,2.24292,2.24293,1.02339,1.21954,False
329.0,3.76852,2.2323,2.22797,1.01712,1.21085,False
330.0,3.7571,2.21703,2.21126,1.01092,1.20035,False
331.0,3.74575,2.19765,2.19295,1.00477,1.18819,False
332.0,3.73446,2.17387,2.17273,0.99867,1.17406,False
333.0,3.72325,2.14838,2.15155,0.99263,1.15892,False
334.0,3.7121,2.12634,2.12944,0.98664,1.1428,False
335.0,3.70102,2.10506,2.10687,0.98071,1.12616,False
336.0,3.69001,2.08246,2.084,0.97483,1.10916,False
337.0,3.67906,2.06014,2.06153,0.96901,1.09252,False
338.0,3.66817,2.04157,2.03996,0.96323,1.07672,False
339.0,3.65735,2.01988,2.0192,0.95751,1.06168,False
340.0,3.64659,2.00013,1.99906,0.95184,1.04722,False
341.0,3.6359,1.97794,1.97855,0.94622,1.03233,False
342.0,3.62527,1.95615,1.9581,0.94065,1.01746,False
343.0,3.6147,1.9368,1.93791,0.93512,1.00279,False
344.0,3.60419,1.91947,1.91769,0.92965,0.98804,False
345.0,3.59374,1.89927,1.89714,0.92422,0.97292,False
346.0,3.58336,1.87893,1.87755,0.91884,0.95871,False
347.0,3.57303,1.85516,1.85752,0.91351,0.94401,False
348.0,3.56276,1.83748,1.8379,0.90822,0.92968,False
349.0,3.55256,1.8186,1.81862,0.90298,0.91565,False
350.0,3.54241,1.7986,1.79922,0.89778,0.90144,False
351.0,3.53231,1.77969,1.78026,0.89263,0.88763,False
352.0,3.52228,1.7645,1.76197,0.88752,0.87445,False
353.0,3.5123,1.7401,1.74369,0.88246,0.86123,False
354.0,3.50238,1.72694,1.72583,0.87744,0.84839,False
355.0,3.49251,1.70944,1.70787,0.87246,0.83541,False
356.0,3.4827,1.68957,1.69006,0.86752,0.82254,False
357.0,3.47295,1.67375,1.67254,0.86263,0.80991,False
358.0,3.46325,1.65456,1.6548,0.85778,0.79703,False
359.0,3.4536,1.63544,1.63739,0.85296,0.78443,False
360.0,3.44401,1.6213,1.62044,0.84819,0.77225,False
361.0,3.43447,1.60356,1.60287,0.84346,0.75942,False
362.0,3.42498,1.58538,1.58578,0.83876,0.74702,False
363.0,3.41554,1.56961,1.56923,0.83411,0.73512,False
364.0,3.40616,1.55203,1.55267,0.8295,0.72318,False
365.0,3.39683,1.53817,1.53683,0.82492,0.71191,False
366.0,3.38755,1.51975,1.52121,0.82038,0.70083,False
367.0,3.37832,1.50434,1.50533,0.81587,0.68946,False
368.0,3.36914,1.48968,1.49034,0.81141,0.67893,False
369.0,3.36001,1.4764,1.47532,0.80698,0.66834,False
370.0,3.35092,1.46036,1.4602,0.80259,0.65761,False
371.0,3.34189,1.44704,1.44547,0.79823,0.64724,False
372.0,3.33291,1.43065,1.43046,0.79391,0.63656,False
373.0,3.32397,1.41481,1.41592,0.78962,0.6263,False
374.0,3.31509,1.40303,1.4013,0.78537,0.61593,False
375.0,3.30625,1.38482,1.38662,0.78115,0.60548,False
376.0,3.29745,1.37172,1.37223,0.77696,0.59527,False
377.0,3.28871,1.35885,1.35809,0.77281,0.58528,False
378.0,3.28001,1.34298,1.34453,0.76869,0.57583,False
379.0,3.27135,1.3316,1.33078,0.76461,0.56617,False
380.0,3.26274,1.31751,1.31712,0.76056,0.55656,False
381.0,3.25418,1.30351,1.30369,0.75653,0.54715,False
382.0,3.24566,1.29159,1.29047,0.75254,0.53792,False
383.0,3.23719,1.27746,1.27719,0.74859,0.52861,False
384.0,3.22876,1.26593,1.26433,0.74466,0.51967,False
385.0,3.22037,1.24748,1.25193,0.74076,0.51116,False
386.0,3.21203,1.23933,1.23887,0.7369,0.50197,False
387.0,3.20373,1.22737,1.22653,0.73306,0.49347,False
388.0,3.19547,1.21312,1.21421,0.72926,0.48495,False
389.0,3.18725,1.20414,1.20208,0.72548,0.4766,False
390.0,3.17908,1.1918,1.19044,0.72173,0.4687,False
391.0,3.17095,1.17827,1.1787,0.71801,0.46069,False
392.0,3.16286,1.16363,1.16736,0.71432,0.45304,False
393.0,3.15481,1.15752,1.15537,0.71066,0.4447,False
394.0,3.14681,1.14345,1.14377,0.70703,0.43674,False
395.0,3.13884,1.13369,1.13261,0.70342,0.42919,False
396.0,3.13091,1.12211,1.12136,0.69985,0.42151,False
397.0,3.12303,1.10914,1.11047,0.69629,0.41417,False
398.0,3.11518,1.09954,1.09969,0.69277,0.40692,False
399.0,3.10737,1.08817,1.08918,0.68927,0.39991,False
400.0,3.0996,1.07877,1.07817,0.6858,0.39237,False
401.0,3.09188,1.06962,1.06812,0.68236,0.38576,False
402.0,3.08418,1.05741,1.0578,0.67894,0.37886,False
403.0,3.07653,1.04694,1.04793,0.67554,0.37238,False
404.0,3.06892,1.03781,1.03807,0.67217,0.3659,False
405.0,3.06134,1.02951,1.02856,0.66883,0.35973,False
406.0,3.0538,1.01772,1.01897,0.66551,0.35346,False
407.0,3.04629,1.01079,1.00931,0.66222,0.34709,False
408.0,3.03883,0.99878,0.99986,0.65895,0.34091,False
409.0,3.0314,0.99153,0.99087,0.6557,0.33517,False
410.0,3.024,0.9815,0.98174,0.65248,0.32926,False
411.0,3.01665,0.9745,0.97266,0.64928,0.32338,False
412.0,3.00933,0.9613,0.96352,0.64611,0.31741,False
413.0,3.00204,0.9543,0.95471,0.64296,0.31176,False
414.0,2.99479,0.94656,0.94605,0.63983,0.30622,False
415.0,2.98757,0.93845,0.93746,0.63672,0.30074,False
416.0,2.98039,0.92822,0.92862,0.63364,0.29499,False
417.0,2.97324,0.92026,0.92028,0.63058,0.28971,False
418.0,2.96613,0.91114,0.91166,0.62754,0.28412,False
419.0,2.95905,0.90483,0.90385,0.62452,0.27933,False
420.0,2.952,0.89652,0.89561,0.62152,0.27409,False
421.0,2.94499,0.8854,0.88772,0.61855,0.26917,False
422.0,2.93801,0.87963,0.88001,0.6156,0.26441,False
423.0,2.93107,0.87309,0.87235,0.61267,0.25968,False
424.0,2.92416,0.86363,0.86475,0.60975,0.255,False
425.0,2.91728,0.86002,0.85714,0.60686,0.25027,False
426.0,2.91043,0.84937,0.8497,0.60399,0.24571,False
427.0,2.90361,0.84312,0.84279,0.60114,0.24164,False
428.0,2.89683,0.8346,0.83587,0.59831,0.23756,False
429.0,2.89007,0.82727,0.82894,0.5955,0.23344,False
430.0,2.88335,0.82204,0.8218,0.59271,0.22909,False
431.0,2.87666,0.81444,0.81481,0.58994,0.22487,False
432.0,2.87,0.80993,0.80767,0.58719,0.22048,False
433.0,2.86338,0.8025,0.80123,0.58446,0.21677,False
434.0,2.85678,0.79377,0.79439,0.58175,0.21265,False
435.0,2.85021,0.78826,0.78758,0.57905,0.20852,False
436.0,2.84367,0.778,0.78097,0.57638,0.20459,False
437.0,2.83717,0.7743,0.77411,0.57372,0.20039,False
438.0,2.83069,0.76831,0.76772,0.57108,0.19664,False
439.0,2.82424,0.76235,0.76125,0.56846,0.1928,False
440.0,2.81782,0.75386,0.75521,0.56586,0.18935,False
441.0,2.81143,0.74899,0.7493,0.56327,0.18603,False
442.0,2.80507,0.74496,0.74345,0.5607,0.18275,False
443.0,2.79874,0.73643,0.73763,0.55815,0.17948,False
444.0,2.79244,0.73299,0.73168,0.55562,0.17606,False
445.0,2.78616,0.72513,0.72594,0.55311,0.17284,False
446.0,2.77991,0.72026,0.71998,0.55061,0.16937,False
447.0,2.7737,0.7145,0.7145,0.54813,0.16637,False
448.0,2.7675,0.70923,0.70888,0.54566,0.16322,False
449.0,2.76134,0.70241,0.70348,0.54321,0.16027,False
450.0,2.7552,0.69911,0.69815,0.54078,0.15737,False
451.0,2.7491,0.69155,0.69271,0.53836,0.15435,False
452.0,2.74301,0.68618,0.68751,0.53596,0.15155,False
453.0,2.73696,0.68489,0.68198,0.53358,0.1484,False
454.0,2.73093,0.67745,0.67687,0.53121,0.14566,False
455.0,2.72493,0.67183,0.67171,0.52886,0.14285,False
456.0,2.71895,0.66506,0.66663,0.52652,0.1401,False
457.0,2.713,0.66188,0.66161,0.5242,0.13741,False
458.0,2.70708,0.65583,0.65704,0.5219,0.13514,False
459.0,2.70118,0.65135,0.65204,0.51961,0.13243,False
460.0,2.69531,0.64909,0.64726,0.51733,0.12994,False
461.0,2.68946,0.64205,0.64278,0.51507,0.12771,False
462.0,2.68364,0.63855,0.63832,0.51282,0.1255,False
463.0,2.67784,0.63485,0.63366,0.51059,0.12307,False
464.0,2.67207,0.62938,0.62894,0.50837,0.12057,False
465.0,2.66633,0.62298,0.62442,0.50617,0.11825,False
466.0,2.66061,0.62096,0.61959,0.50398,0.11561,False
467.0,2.65491,0.61377,0.61512,0.50181,0.11331,False
468.0,2.64924,0.61095,0.6108,0.49965,0.11115,False
469.0,2.64359,0.60537,0.6064,0.4975,0.1089,False
470.0,2.63796,0.60327,0.60228,0.49537,0.10691,False
471.0,2.63236,0.59825,0.59858,0.49325,0.10534,False
472.0,2.62678,0.59386,0.59464,0.49114,0.1035,False
473.0,2.62123,0.59241,0.59064,0.48905,0.10159,False
474.0,2.6157,0.58556,0.58697,0.48697,0.1,False
475.0,2.61019,0.58358,0.58278,0.48491,0.09787,False
476.0,2.60471,0.57981,0.57884,0.48285,0.09599,False
477.0,2.59925,0.57543,0.57479,0.48081,0.09398,False
478.0,2.59381,0.56905,0.57085,0.47879,0.09206,False
479.0,2.5884,0.56762,0.56711,0.47677,0.09034,False
480.0,2.583,0.56291,0.5631,0.47477,0.08833,False
481.0,2.57763,0.55818,0.55972,0.47278,0.08694,False
482.0,2.57229,0.55712,0.55603,0.47081,0.08523,False
483.0,2.56696,0.55285,0.55253,0.46884,0.08369,False
484.0,2.56166,0.54906,0.54944,0.46689,0.08255,False
485.0,2.55638,0.54722,0.54637,0.46495,0.08141,False
486.0,2.55112,0.54162,0.54295,0.46302,0.07993,False
487.0,2.54588,0.54105,0.53985,0.46111,0.07874,False
488.0,2.54066,0.53547,0.53652,0.4592,0.07732,False
489.0,2.53546,0.5331,0.53273,0.45731,0.07542,False
490.0,2.53029,0.53122,0.52932,0.45543,0.07389,False
491.0,2.52514,0.52559,0.52608,0.45356,0.07252,False
492.0,2.52,0.52229,0.5228,0.4517,0.07109,False
493.0,2.51489,0.51955,0.51961,0.44986,0.06975,False
494.0,2.5098,0.51482,0.51634,0.44802,0.06831,False
495.0,2.50473,0.51211,0.5135,0.4462,0.0673,False
496.0,2.49968,0.51219,0.51034,0.44439,0.06595,False
497.0,2.49465,0.50883,0.50734,0.44259,0.06475,False
498.0,2.48964,0.50423,0.50472,0.44079,0.06393,False
499.0,2.48465,0.50116,0.50194,0.43901,0.06293,False
500.0,2.47968,0.49952,0.49879,0.43725,0.06154,False
501.0,2.47473,0.49597,0.4959,0.43549,0.06041,False
502.0,2.4698,0.49188,0.4928,0.43374,0.05906,False
503.0,2.46489,0.49045,0.48955,0.432,0.05755,False
504.0,2.46,0.48751,0.48658,0.43027,0.05631,False
505.0,2.45513,0.48325,0.48414,0.42856,0.05558,False
506.0,2.45028,0.4795,0.48154,0.42685,0.05468,False
507.0,2.44545,0.48029,0.4791,0.42515,0.05395,False
508.0,2.44063,0.47599,0.47654,0.42347,0.05307,False
509.0,2.43584,0.47344,0.47394,0.42179,0.05215,False
510.0,2.43106,0.47229,0.47138,0.42012,0.05125,False
511.0,2.42631,0.47174,0.46906,0.41847,0.05059,False
512.0,2.42157,0.46587,0.46669,0.41682,0.04987,False
513.0,2.41685,0.46396,0.46418,0.41518,0.04899,False
514.0,2.41214,0.45919,0.46161,0.41356,0.04805,False
515.0,2.40746,0.45926,0.45939,0.41194,0.04745,False
516.0,2.40279,0.45796,0.45685,0.41033,0.04652,False
517.0,2.39815,0.45481,0.45437,0.40873,0.04564,False
518.0,2.39352,0.45169,0.45209,0.40714,0.04495,False
519.0,2.38891,0.45051,0.4502,0.40556,0.04464,False
520.0,2.38431,0.44861,0.44792,0.40399,0.04394,False
521.0,2.37974,0.44513,0.44572,0.40242,0.0433,False
522.0,2.37518,0.44222,0.44327,0.40087,0.0424,False
523.0,2.37063,0.4417,0.44069,0.39933,0.04137,False
524.0,2.36611,0.43902,0.43858,0.39779,0.04079,False
525.0,2.3616,0.43639,0.43627,0.39626,0.04,False
526.0,2.35711,0.43318,0.43394,0.39475,0.03919,False
527.0,2.35264,0.43203,0.43172,0.39324,0.03848,False
528.0,2.34819,0.42959,0.4298,0.39174,0.03806,False
529.0,2.34375,0.42638,0.42781,0.39024,0.03756,False
530.0,2.33932,0.4274,0.42541,0.38876,0.03665,False
531.0,2.33492,0.42258,0.42355,0.38728,0.03627,False
532.0,2.33053,0.42214,0.4216,0.38582,0.03578,False
533.0,2.32616,0.41996,0.41976,0.38436,0.0354,False
534.0,2.3218,0.41871,0.41795,0.38291,0.03504,False
535.0,2.31746,0.41509,0.4164,0.38147,0.03493,False
536.0,2.31314,0.41262,0.4145,0.38003,0.03447,False
537.0,2.30883,0.41444,0.41242,0.37861,0.03381,False
538.0,2.30454,0.41015,0.41068,0.37719,0.03349,False
539.0,2.30026,0.40998,0.40876,0.37578,0.03298,False
540.0,2.296,0.40795,0.40689,0.37438,0.03252,False
541.0,2.29176,0.40522,0.40517,0.37298,0.03219,False
542.0,2.28753,0.40087,0.40371,0.37159,0.03211,False
543.0,2.28332,0.40157,0.40168,0.37022,0.03146,False
544.0,2.27912,0.40025,0.39966,0.36884,0.03082,False
545.0,2.27494,0.39878,0.39829,0.36748,0.03081,False
546.0,2.27077,0.3965,0.39656,0.36612,0.03044,False
547.0,2.26662,0.39608,0.39497,0.36477,0.03019,False
548.0,2.26249,0.39332,0.39355,0.36343,0.03012,False
549.0,2.25836,0.38962,0.39187,0.3621,0.02977,False
550.0,2.25426,0.39173,0.38996,0.36077,0.02919,False
551.0,2.25017,0.38954,0.38837,0.35945,0.02891,False
552.0,2.24609,0.38533,0.38658,0.35814,0.02844,False
553.0,2.24203,0.38471,0.38505,0.35684,0.02821,False
554.0,2.23798,0.38375,0.38344,0.35554,0.0279,False
555.0,2.23395,0.38081,0.38209,0.35425,0.02785,False
556.0,2.22993,0.38139,0.38048,0.35296,0.02751,False
557.0,2.22593,0.37943,0.37857,0.35169,0.02688,False
558.0,2.22194,0.37621,0.37702,0.35042,0.02661,False
559.0,2.21796,0.37713,0.37585,0.34915,0.02669,False
560.0,2.214,0.374,0.37433,0.3479,0.02644,False
561.0,2.21006,0.37267,0.373,0.34665,0.02636,False
562.0,2.20612,0.36978,0.37155,0.3454,0.02615,False
563.0,2.20221,0.37011,0.3702,0.34417,0.02603,False
564.0,2.1983,0.36942,0.36888,0.34294,0.02595,False
565.0,2.19441,0.36938,0.36753,0.34171,0.02581,False
566.0,2.19053,0.36553,0.36591,0.3405,0.02542,False
567.0,2.18667,0.36502,0.36464,0.33929,0.02535,False
568.0,2.18282,0.3623,0.36308,0.33808,0.025,False
569.0,2.17898,0.36282,0.36188,0.33689,0.02499,False
570.0,2.17516,0.35876,0.36021,0.33569,0.02451,False
571.0,2.17135,0.35832,0.35853,0.33451,0.02402,False
572.0,2.16756,0.35726,0.35726,0.33333,0.02393,False
573.0,2.16377,0.35671,0.3562,0.33216,0.02404,False
574.0,2.16,0.35475,0.35478,0.33099,0.02378,False
575.0,2.15625,0.35536,0.35393,0.32983,0.02409,False
576.0,2.1525,0.3506,0.35289,0.32868,0.02421,False
577.0,2.14877,0.35139,0.35174,0.32753,0.0242,False
578.0,2.14506,0.35223,0.3505,0.32639,0.02411,False
579.0,2.14135,0.34871,0.34917,0.32525,0.02392,False
580.0,2.13766,0.34771,0.34792,0.32412,0.0238,False
581.0,2.13398,0.34934,0.34673,0.323,0.02373,False
582.0,2.13031,0.34405,0.34558,0.32188,0.0237,False
583.0,2.12666,0.34243,0.34458,0.32077,0.02381,False
584.0,2.12302,0.34435,0.34357,0.31966,0.02391,False
585.0,2.11939,0.34174,0.34229,0.31856,0.02374,False
586.0,2.11577,0.3419,0.34134,0.31746,0.02387,False
587.0,2.11217,0.3405,0.34029,0.31637,0.02392,False
588.0,2.10857,0.34006,0.33913,0.31529,0.02384,False
589.0,2.10499,0.33811,0.33844,0.31421,0.02423,False
590.0,2.10143,0.33838,0.3371,0.31314,0.02396,False
591.0,2.09787,0.33318,0.3356,0.31207,0.02353,False
592.0,2.09433,0.33519,0.33428,0.31101,0.02327,False
593.0,2.0908,0.33379,0.33305,0.30995,0.0231,False
594.0,2.08728,0.33143,0.33202,0.3089,0.02312,False
595.0,2.08377,0.33097,0.33103,0.30785,0.02318,False
596.0,2.08027,0.32811,0.32973,0.30681,0.02292,False
597.0,2.07679,0.32917,0.32855,0.30578,0.02278,False
598.0,2.07331,0.32808,0.32767,0.30475,0.02293,False
599.0,2.06985,0.32855,0.32662,0.30372,0.0229,False
600.0,2.0664,0.32566,0.32556,0.3027,0.02286,False
601.0,2.06297,0.32354,0.32451,0.30168,0.02282,False
602.0,2.05954,0.32094,0.32363,0.30067,0.02296,False
603.0,2.05612,0.32397,0.32276,0.29967,0.02309,False
604.0,2.05272,0.32238,0.32143,0.29867,0.02276,False
605.0,2.04933,0.32132,0.32029,0.29767,0.02262,False
606.0,2.04594,0.3175,0.31911,0.29668,0.02243,False
607.0,2.04257,0.3191,0.31826,0.2957,0.02256,False
608.0,2.03921,0.31898,0.31741,0.29472,0.02269,False
609.0,2.03587,0.3153,0.31662,0.29374,0.02287,False
610.0,2.03253,0.31386,0.31567,0.29277,0.0229,False
611.0,2.0292,0.31472,0.31487,0.29181,0.02306,False
612.0,2.02589,0.31395,0.31423,0.29085,0.02339,False
613.0,2.02258,0.31432,0.31353,0.28989,0.02364,False
614.0,2.01929,0.31371,0.31245,0.28894,0.02351,False
615.0,2.016,0.31273,0.31159,0.28799,0.02359,False
616.0,2.01273,0.31061,0.31066,0.28705,0.02361,False
617.0,2.00947,0.30801,0.30956,0.28611,0.02345,False
618.0,2.00622,0.30899,0.30817,0.28518,0.023,False
619.0,2.00298,0.30622,0.30708,0.28425,0.02283,False
620.0,1.99975,0.30573,0.30603,0.28333,0.02271,False
621.0,1.99652,0.30491,0.3049,0.28241,0.02249,False
622.0,1.99332,0.30315,0.30398,0.28149,0.02249,False
623.0,1.99012,0.30405,0.30316,0.28058,0.02258,False
624.0,1.98693,0.30221,0.30225,0.27968,0.02258,False
625.0,1.98375,0.30266,0.30101,0.27877,0.02224,False
626.0,1.98058,0.30001,0.30014,0.27788,0.02226,False
627.0,1.97742,0.29764,0.29891,0.27698,0.02192,False
628.0,1.97427,0.29858,0.29798,0.27609,0.02188,False
629.0,1.97113,0.29665,0.29694,0.27521,0.02173,False
630.0,1.968,0.29528,0.29588,0.27433,0.02155,False
631.0,1.96488,0.29432,0.29513,0.27345,0.02167,False
632.0,1.96178,0.29507,0.29397,0.27258,0.02139,False
633.0,1.95868,0.29274,0.29336,0.27171,0.02165,False
634.0,1.95559,0.29418,0.29246,0.27085,0.02161,False
635.0,1.95251,0.29094,0.29157,0.26999,0.02158,False
636.0,1.94944,0.29121,0.29075,0.26913,0.02162,False
637.0,1.94638,0.28959,0.28988,0.26828,0.0216,False
638.0,1.94333,0.28714,0.28921,0.26744,0.02178,False
639.0,1.94028,0.28987,0.28827,0.26659,0.02168,False
640.0,1.93725,0.2863,0.28751,0.26575,0.02176,False
641.0,1.93423,0.2875,0.28639,0.26492,0.02147,False
642.0,1.93122,0.28511,0.28538,0.26408,0.0213,False
643.0,1.92821,0.28543,0.28429,0.26326,0.02104,False
644.0,1.92522,0.28477,0.28348,0.26243,0.02105,False
645.0,1.92224,0.28068,0.28225,0.26161,0.02063,False
646.0,1.91926,0.28072,0.281,0.2608,0.0202,False
647.0,1.91629,0.27861,0.28004,0.25998,0.02006,False
648.0,1.91334,0.2788,0.2788,0.25918,0.01962,False
649.0,1.91039,0.2795,0.27794,0.25837,0.01957,False
650.0,1.90745,0.27765,0.27707,0.25757,0.0195,False
651.0,1.90452,0.27445,0.27623,0.25677,0.01945,False
652.0,1.9016,0.27684,0.27554,0.25598,0.01956,False
653.0,1.89869,0.27408,0.27477,0.25519,0.01958,False
654.0,1.89578,0.27388,0.27426,0.2544,0.01986,False
655.0,1.89289,0.27405,0.27325,0.25362,0.01963,False
656.0,1.89,0.27224,0.27222,0.25284,0.01938,False
657.0,1.88713,0.27041,0.27137,0.25206,0.01931,False
658.0,1.88426,0.27134,0.27064,0.25129,0.01934,False
659.0,1.8814,0.2713,0.26965,0.25052,0.01913,False
660.0,1.87855,0.26909,0.26897,0.24976,0.01921,False
661.0,1.87571,0.26542,0.26824,0.249,0.01924,False
662.0,1.87287,0.26709,0.26745,0.24824,0.01921,False
663.0,1.87005,0.26713,0.26685,0.24748,0.01937,False
664.0,1.86723,0.26723,0.26614,0.24673,0.01941,False
665.0,1.86442,0.2657,0.26545,0.24599,0.01947,False
666.0,1.86162,0.26479,0.26469,0.24524,0.01945,False
667.0,1.85883,0.26441,0.26399,0.2445,0.01949,False
668.0,1.85605,0.26246,0.26343,0.24376,0.01967,False
669.0,1.85328,0.2625,0.26216,0.24303,0.01913,False
670.0,1.85051,0.26114,0.26098,0.2423,0.01868,False
671.0,1.84775,0.26068,0.25975,0.24157,0.01818,False
672.0,1.845,0.25764,0.25889,0.24084,0.01804,False
673.0,1.84226,0.25818,0.25806,0.24012,0.01794,False
674.0,1.83953,0.25808,0.25714,0.23941,0.01773,False
675.0,1.8368,0.25419,0.25634,0.23869,0.01765,False
676.0,1.83409,0.25553,0.25554,0.23798,0.01756,False
677.0,1.83138,0.25496,0.2548,0.23727,0.01753,False
678.0,1.82868,0.25583,0.25392,0.23656,0.01736,False
679.0,1.82598,0.25334,0.25346,0.23586,0.01759,False
680.0,1.8233,0.25161,0.25236,0.23516,0.0172,False
681.0,1.82062,0.25189,0.2515,0.23447,0.01703,False
682.0,1.81795,0.25087,0.25088,0.23377,0.01711,False
683.0,1.81529,0.24921,0.24979,0.23308,0.0167,False
684.0,1.81263,0.24858,0.24884,0.2324,0.01644,False
685.0,1.80999,0.24937,0.248,0.23171,0.01628,False
686.0,1.80735,0.24504,0.24742,0.23103,0.01638,False
687.0,1.80472,0.24783,0.24671,0.23036,0.01635,False
688.0,1.8021,0.2464,0.24571,0.22968,0.01603,False
689.0,1.79948,0.24421,0.24486,0.22901,0.01585,False
690.0,1.79687,0.24446,0.244,0.22834,0.01566,False
691.0,1.79427,0.24378,0.24305,0.22767,0.01537,False
692.0,1.79168,0.24209,0.24209,0.22701,0.01508,False
693.0,1.78909,0.24059,0.24136,0.22635,0.01501,False
694.0,1.78652,0.2393,0.24012,0.22569,0.01443,False
695.0,1.78395,0.23989,0.23953,0.22504,0.0145,False
696.0,1.78138,0.23877,0.23881,0.22439,0.01442,False
697.0,1.77883,0.23802,0.23786,0.22374,0.01413,False
698.0,1.77628,0.23736,0.23712,0.22309,0.01403,False
699.0,1.77374,0.23662,0.23642,0.22245,0.01397,False
700.0,1.7712,0.23553,0.23585,0.22181,0.01404,False
701.0,1.76868,0.23652,0.23524,0.22117,0.01407,False
702.0,1.76616,0.23279,0.23438,0.22053,0.01385,False
703.0,1.76364,0.233,0.23366,0.2199,0.01376,False
704.0,1.76114,0.23342,0.23292,0.21927,0.01365,False
705.0,1.75864,0.2323,0.2321,0.21865,0.01345,False
706.0,1.75615,0.23245,0.23125,0.21802,0.01323,False
707.0,1.75367,0.23026,0.2303,0.2174,0.0129,False
708.0,1.75119,0.2286,0.22915,0.21678,0.01237,False
709.0,1.74872,0.22876,0.22847,0.21617,0.0123,False
710.0,1.74626,0.22749,0.22751,0.21555,0.01196,False
711.0,1.7438,0.22612,0.2265,0.21494,0.01156,False
712.0,1.74135,0.22541,0.22575,0.21433,0.01142,False
713.0,1.73891,0.22433,0.22508,0.21373,0.01135,False
714.0,1.73647,0.22426,0.22449,0.21312,0.01136,False
715.0,1.73404,0.22564,0.22398,0.21252,0.01146,False
716.0,1.73162,0.22322,0.22353,0.21192,0.01161,False
717.0,1.72921,0.22224,0.22291,0.21133,0.01159,False
718.0,1.7268,0.22291,0.22215,0.21073,0.01142,False
719.0,1.7244,0.22152,0.22161,0.21014,0.01146,False
720.0,1.722,0.22041,0.22091,0.20956,0.01135,False
721.0,1.71961,0.22099,0.22003,0.20897,0.01106,False
722.0,1.71723,0.21921,0.21897,0.20839,0.01059,False
723.0,1.71486,0.21632,0.21817,0.20781,0.01037,False
724.0,1.71249,0.21758,0.21715,0.20723,0.00992,False
725.0,1.71013,0.21835,0.21615,0.20665,0.0095,False
726.0,1.70777,0.21461,0.21531,0.20608,0.00923,False
727.0,1.70542,0.21388,0.21471,0.20551,0.00921,False
728.0,1.70308,0.21292,0.21406,0.20494,0.00913,False
729.0,1.70074,0.21345,0.21334,0.20437,0.00897,False
730.0,1.69841,0.21246,0.21275,0.20381,0.00894,False
731.0,1.69609,0.21288,0.21198,0.20324,0.00874,False
732.0,1.69377,0.21205,0.21143,0.20268,0.00875,False
733.0,1.69146,0.21198,0.21082,0.20213,0.00869,False
734.0,1.68916,0.2089,0.20984,0.20157,0.00827,False
735.0,1.68686,0.20765,0.2089,0.20102,0.00788,False
736.0,1.68457,0.2095,0.20789,0.20047,0.00742,False
737.0,1.68228,0.20763,0.20729,0.19992,0.00737,False
738.0,1.68,0.2059,0.20657,0.19937,0.0072,False
739.0,1.67773,0.20358,0.20595,0.19883,0.00712,False
740.0,1.67546,0.20511,0.20534,0.19829,0.00705,False
741.0,1.6732,0.20593,0.20491,0.19775,0.00716,False
742.0,1.67095,0.20528,0.20417,0.19721,0.00695,False
743.0,1.6687,0.2054,0.20342,0.19668,0.00674,False
744.0,1.66645,0.20199,0.2029,0.19614,0.00675,False
745.0,1.66422,0.20157,0.20221,0.19561,0.00659,False
746.0,1.66199,0.20098,0.20165,0.19508,0.00657,False
747.0,1.65976,0.20071,0.20094,0.19456,0.00638,False
748.0,1.65754,0.19959,0.20032,0.19403,0.00628,False
749.0,1.65533,0.20026,0.19976,0.19351,0.00625,False
750.0,1.65312,0.19884,0.19925,0.19299,0.00625,False
751.0,1.65092,0.19876,0.19879,0.19247,0.00632,False
752.0,1.64873,0.20012,0.19799,0.19196,0.00603,False
753.0,1.64654,0.1979,0.19726,0.19144,0.00582,False
754.0,1.64435,0.19589,0.19646,0.19093,0.00552,False
755.0,1.64217,0.1948,0.19571,0.19042,0.00529,False
756.0,1.64,0.19438,0.19475,0.18991,0.00483,False
757.0,1.63784,0.19321,0.19409,0.18941,0.00468,False
758.0,1.63568,0.19317,0.19321,0.18891,0.00431,False
759.0,1.63352,0.1936,0.19235,0.1884,0.00395,False
760.0,1.63137,0.19207,0.19199,0.1879,0.00409,False
761.0,1.62923,0.19178,0.19173,0.18741,0.00432,False
762.0,1.62709,0.19045,0.19112,0.18691,0.00421,False
763.0,1.62496,0.19129,0.19061,0.18642,0.00419,False
764.0,1.62283,0.18893,0.19021,0.18593,0.00429,False
765.0,1.62071,0.18959,0.18957,0.18544,0.00413,False
766.0,1.61859,0.19022,0.18884,0.18495,0.00389,False
767.0,1.61648,0.18841,0.18813,0.18446,0.00367,False
768.0,1.61438,0.18624,0.18748,0.18398,0.0035,False
769.0,1.61228,0.18805,0.18668,0.18349,0.00318,False
770.0,1.61018,0.18632,0.1859,0.18301,0.00289,False
771.0,1.6081,0.18394,0.18514,0.18254,0.0026,False
772.0,1.60601,0.18392,0.1845,0.18206,0.00245,False
773.0,1.60394,0.18381,0.18404,0.18158,0.00245,False
774.0,1.60186,0.18414,0.18366,0.18111,0.00255,False
775.0,1.5998,0.18217,0.18317,0.18064,0.00253,False
776.0,1.59773,0.18343,0.18247,0.18017,0.0023,False
777.0,1.59568,0.18206,0.18215,0.1797,0.00244,False
778.0,1.59363,0.18374,0.18187,0.17924,0.00263,False
779.0,1.59158,0.18088,0.18139,0.17877,0.00262,False
780.0,1.58954,0.17936,0.18067,0.17831,0.00236,False
781.0,1.58751,0.17937,0.1799,0.17785,0.00205,False
782.0,1.58548,0.17947,0.17938,0.17739,0.00199,False
783.0,1.58345,0.17978,0.17855,0.17694,0.00161,False
784.0,1.58143,0.17853,0.17784,0.17648,0.00136,False
785.0,1.57942,0.17695,0.1774,0.17603,0.00137,False
786.0,1.57741,0.17543,0.17708,0.17558,0.0015,False
787.0,1.5754,0.17655,0.17652,0.17513,0.00139,False
788.0,1.5734,0.17675,0.17599,0.17468,0.00131,False
789.0,1.57141,0.17464,0.1752,0.17423,0.00097,False
790.0,1.56942,0.17542,0.17473,0.17379,0.00094,False
791.0,1.56744,0.17596,0.17431,0.17335,0.00096,False
792.0,1.56546,0.17225,0.17387,0.17291,0.00096,False
793.0,1.56348,0.17273,0.17317,0.17247,0.0007,False
794.0,1.56151,0.1731,0.17245,0.17203,0.00042,False
795.0,1.55955,0.17072,0.17183,0.17159,0.00023,False
796.0,1.55759,0.17294,0.1713,0.17116,0.00014,False
797.0,1.55564,0.17002,0.17051,0.17072,-0.00021,False
798.0,1.55369,0.16988,0.17002,0.17029,-0.00027,False
799.0,1.55174,0.16903,0.16986,0.16986,-1e-05,False
800.0,1.5498,0.17017,0.16921,0.16944,-0.00023,False
801.0,1.54787,0.16841,0.16881,0.16901,-0.00019,False
802.0,1.54594,0.16806,0.16843,0.16858,-0.00015,False
803.0,1.54401,0.1676,0.16779,0.16816,-0.00038,False
804.0,1.54209,0.16868,0.16753,0.16774,-0.00021,False
805.0,1.54018,0.16729,0.16693,0.16732,-0.00039,False
806.0,1.53827,0.16551,0.16654,0.1669,-0.00036,False
807.0,1.53636,0.16692,0.16598,0.16648,-0.0005,False
808.0,1.53446,0.16457,0.16548,0.16607,-0.00058,False
809.0,1.53256,0.16476,0.16497,0.16565,-0.00068,False
810.0,1.53067,0.16503,0.16459,0.16524,-0.00065,False
811.0,1.52878,0.16378,0.16429,0.16483,-0.00055,False
812.0,1.5269,0.16487,0.16394,0.16442,-0.00049,False
813.0,1.52502,0.16263,0.16377,0.16401,-0.00025,False
814.0,1.52315,0.16284,0.16315,0.16361,-0.00046,False
815.0,1.52128,0.16393,0.16274,0.1632,-0.00046,False
816.0,1.51941,0.16335,0.16232,0.1628,-0.00048,False
817.0,1.51755,0.16194,0.16192,0.1624,-0.00048,False
818.0,1.5157,0.16012,0.16166,0.162,-0.00034,False
819.0,1.51385,0.16177,0.16123,0.1616,-0.00037,False
820.0,1.512,0.15898,0.16098,0.1612,-0.00022,False
821.0,1.51016,0.16129,0.16065,0.16081,-0.00016,False
822.0,1.50832,0.16158,0.16022,0.16041,-0.0002,False
823.0,1.50649,0.16008,0.16004,0.16002,2e-05,False
824.0,1.50466,0.15996,0.15981,0.15963,0.00019,False
825.0,1.50284,0.15883,0.15948,0.15924,0.00025,False
826.0,1.50102,0.15921,0.15902,0.15885,0.00017,False
827.0,1.4992,0.15884,0.15848,0.15846,2e-05,False
828.0,1.49739,0.15731,0.15764,0.15808,-0.00043,False
829.0,1.49559,0.15775,0.15712,0.15769,-0.00058,False
830.0,1.49379,0.15625,0.15677,0.15731,-0.00054,False
831.0,1.49199,0.15624,0.15628,0.15693,-0.00065,False
832.0,1.49019,0.15589,0.15596,0.15655,-0.00058,False
833.0,1.48841,0.1541,0.1554,0.15617,-0.00077,False
834.0,1.48662,0.15575,0.15506,0.15579,-0.00073,False
835.0,1.48484,0.15566,0.15493,0.15542,-0.00048,False
836.0,1.48306,0.15467,0.15426,0.15504,-0.00078,False
837.0,1.48129,0.15357,0.15402,0.15467,-0.00065,False
838.0,1.47953,0.15405,0.15352,0.15429,-0.00078,False
839.0,1.47776,0.15218,0.15322,0.15392,-0.0007,False
840.0,1.476,0.15371,0.15274,0.15355,-0.00081,False
841.0,1.47425,0.15226,0.15224,0.15319,-0.00094,False
842.0,1.4725,0.14965,0.15201,0.15282,-0.00081,False
843.0,1.47075,0.15368,0.15165,0.15245,-0.0008,False
844.0,1.46901,0.1506,0.15137,0.15209,-0.00072,False
845.0,1.46727,0.15183,0.15086,0.15173,-0.00086,False
846.0,1.46553,0.14984,0.15068,0.15137,-0.00068,False
847.0,1.4638,0.15148,0.15008,0.15101,-0.00092,False
848.0,1.46208,0.14988,0.14998,0.15065,-0.00067,False
849.0,1.46036,0.14811,0.14976,0.15029,-0.00053,False
850.0,1.45864,0.14953,0.1489,0.14993,-0.00103,False
851.0,1.45692,0.14817,0.14867,0.14958,-0.00091,False
852.0,1.45521,0.14964,0.14864,0.14922,-0.00058,False
853.0,1.45351,0.14714,0.14838,0.14887,-0.00049,False
854.0,1.45181,0.1496,0.14786,0.14852,-0.00066,False
855.0,1.45011,0.14654,0.14748,0.14817,-0.00069,False
856.0,1.44841,0.14594,0.14721,0.14782,-0.00061,False
857.0,1.44672,0.14917,0.14684,0.14747,-0.00063,False
858.0,1.44504,0.14817,0.14666,0.14713,-0.00047,False
859.0,1.44336,0.14287,0.1462,0.14678,-0.00058,False
860.0,1.44168,0.14525,0.14589,0.14644,-0.00054,False
861.0,1.44,0.14576,0.14554,0.14609,-0.00056,False
862.0,1.43833,0.14701,0.14543,0.14575,-0.00032,False
863.0,1.43667,0.14565,0.14509,0.14541,-0.00032,False
864.0,1.435,0.1445,0.1447,0.14507,-0.00037,False
865.0,1.43334,0.1434,0.14453,0.14473,-0.0002,False
866.0,1.43169,0.14439,0.14464,0.1444,0.00024,False
867.0,1.43004,0.14498,0.14399,0.14406,-7e-05,False
868.0,1.42839,0.14329,0.14361,0.14373,-0.00012,False
869.0,1.42675,0.14346,0.14337,0.14339,-2e-05,False
870.0,1.42511,0.14312,0.14321,0.14306,0.00014,False
871.0,1.42347,0.142,0.14273,0.14273,0.0,False
872.0,1.42184,0.14348,0.14235,0.1424,-5e-05,False
873.0,1.42021,0.14116,0.14181,0.14207,-0.00026,False
874.0,1.41858,0.14272,0.14143,0.14174,-0.00031,False
875.0,1.41696,0.1412,0.14111,0.14142,-0.0003,False
876.0,1.41534,0.13923,0.14068,0.14109,-0.00041,False
877.0,1.41373,0.1391,0.14023,0.14077,-0.00053,False
878.0,1.41212,0.1413,0.13976,0.14044,-0.00069,False
879.0,1.41051,0.13963,0.13944,0.14012,-0.00068,False
880.0,1.40891,0.13963,0.13918,0.1398,-0.00062,False
881.0,1.40731,0.13838,0.13882,0.13948,-0.00067,False
882.0,1.40572,0.13851,0.13881,0.13916,-0.00035,False
883.0,1.40412,0.1381,0.13863,0.13885,-0.00022,False
884.0,1.40254,0.13851,0.1385,0.13853,-3e-05,False
885.0,1.40095,0.13945,0.13824,0.13821,3e-05,False
886.0,1.39937,0.13703,0.13834,0.1379,0.00044,False
887.0,1.39779,0.13868,0.13825,0.13759,0.00067,False
888.0,1.39622,0.13854,0.13838,0.13727,0.0011,False
889.0,1.39465,0.1375,0.13828,0.13696,0.00132,False
890.0,1.39308,0.13921,0.13785,0.13665,0.0012,False
891.0,1.39152,0.13719,0.13761,0.13634,0.00126,False
892.0,1.38996,0.13778,0.13713,0.13603,0.00109,False
893.0,1.3884,0.13668,0.13694,0.13573,0.00121,False
894.0,1.38685,0.13734,0.13645,0.13542,0.00103,False
895.0,1.3853,0.13497,0.13601,0.13512,0.0009,False
896.0,1.38375,0.13455,0.13568,0.13481,0.00087,False
897.0,1.38221,0.13728,0.13551,0.13451,0.001,False
898.0,1.38067,0.13466,0.13554,0.13421,0.00133,False
899.0,1.37913,0.13698,0.13584,0.13391,0.00193,False
900.0,1.3776,0.13578,0.13646,0.13361,0.00285,False
