# PROCESSED SYNTHETIC DATASET -- pseudo-Voigt peak fits, Scherrer sizes, d-spacings
# DEMONSTRATION DATASET. Synthetically generated for portfolio purposes. These values were not measured on any instrument and do not describe a real sample.
hkl,h,k,l,i_rel_ref,two_theta_ref_deg,two_theta_fit_deg,two_theta_fit_err_deg,fwhm_obs_deg,fwhm_obs_err_deg,eta_lorentzian_fraction,amplitude_counts,group_r_squared,d_spacing_ang,sqrt_hkl_sum,a_from_peak_ang,fwhm_corrected_deg,scherrer_size_nm,i_rel_measured,fwhm_rel_uncertainty,used_for_size,nelson_riley,used_for_lattice
(220),2,2,0,30.0,30.0804,30.0731,0.00488,0.73513,0.01645,0.571,414.2,0.98865,2.96914,2.8284271247461903,8.398,0.73076,11.26,42.8,0.0224,True,3.57453,True
(311),3,1,1,100.0,35.4306,35.4384,0.00214,0.74197,0.00735,0.6232,958.6,0.98865,2.53095,3.3166247903554,8.39421,0.73764,11.31,100.0,0.0099,True,2.95767,True
(400),4,0,0,20.0,43.0595,43.0376,0.00991,0.76731,0.03377,0.6113,128.8,0.85772,2.10002,4.0,8.40008,0.76313,11.19,13.9,0.044,True,2.33189,True
(422),4,2,2,10.0,53.4184,53.4335,0.03954,0.8236,0.14595,0.7836,33.8,0.78663,1.71338,4.898979485566356,8.39381,0.81971,10.85,3.9,0.1772,False,1.74291,True
(511),5,1,1,30.0,56.9437,56.8931,0.01257,0.78936,0.04224,0.557,100.8,0.78663,1.61713,5.196152422706632,8.40285,0.7853,11.51,11.2,0.0535,True,1.59008,True
(440),4,4,0,40.0,62.5296,62.5421,0.0125,0.903,0.04115,0.5117,107.7,0.78663,1.48395,5.656854249492381,8.39449,0.89945,10.33,13.7,0.0456,True,1.37295,True
(533),5,3,3,10.0,73.9719,74.2856,0.06341,1.0738,0.174,0.0,19.2,0.17985,1.27575,6.557438524302,8.36565,1.07082,9.31,2.9,0.162,False,1.01628,False
