# PROCESSED SYNTHETIC DATASET -- ALS background subtracted, Savitzky-Golay smoothed
# DEMONSTRATION DATASET. Synthetically generated for portfolio purposes. These values were not measured on any instrument and do not describe a real sample.
two_theta_deg,intensity_raw_counts,background_counts,intensity_bg_subtracted_counts,intensity_smoothed_counts
20.0,190.0,179.29,10.71,33.66
20.02,219.0,179.35,39.65,40.71
20.04,254.0,179.41,74.59,45.81
20.06,234.0,179.47,54.53,49.19
20.08,245.0,179.52,65.48,51.03
20.1,207.0,179.58,27.42,51.55
20.12,247.0,179.64,67.36,50.95
20.14,223.0,179.7,43.3,49.45
20.16,233.0,179.75,53.25,47.24
20.18,212.0,179.81,32.19,44.54
20.2,220.0,179.87,40.13,41.54
20.22,221.0,179.93,41.07,38.47
20.24,202.0,179.98,22.02,35.51
20.26,213.0,180.04,32.96,34.25
20.28,202.0,180.1,21.9,34.39
20.3,223.0,180.16,42.84,36.13
20.32,194.0,180.21,13.79,38.15
20.34,221.0,180.27,40.73,39.43
20.36,206.0,180.33,25.67,39.54
20.38,227.0,180.39,46.61,42.73
20.4,220.0,180.44,39.56,44.62
20.42,241.0,180.5,60.5,46.37
20.44,240.0,180.56,59.44,47.08
20.46,261.0,180.62,80.38,47.42
20.48,247.0,180.67,66.33,48.77
20.5,221.0,180.73,40.27,49.11
20.52,216.0,180.79,35.21,49.45
20.54,228.0,180.85,47.15,49.31
20.56,209.0,180.91,28.09,49.88
20.58,239.0,180.96,58.04,47.68
20.6,225.0,181.02,43.98,46.13
20.62,214.0,181.08,32.92,44.08
20.64,213.0,181.14,31.86,42.89
20.66,227.0,181.19,45.81,40.54
20.68,225.0,181.25,43.75,40.57
20.7,241.0,181.31,59.69,42.43
20.72,229.0,181.37,47.63,44.92
20.74,223.0,181.42,41.58,46.59
20.76,228.0,181.48,46.52,46.73
20.78,217.0,181.54,35.46,46.64
20.8,218.0,181.6,36.4,47.12
20.82,227.0,181.65,45.35,45.19
20.84,238.0,181.71,56.29,43.28
20.86,228.0,181.77,46.23,42.5
20.88,231.0,181.83,49.17,41.74
20.9,245.0,181.88,63.12,40.37
20.92,231.0,181.94,49.06,39.67
20.94,199.0,182.0,17.0,38.05
20.96,210.0,182.06,27.94,38.05
20.98,216.0,182.12,33.88,39.82
21.0,216.0,182.17,33.83,38.53
21.02,208.0,182.23,25.77,38.14
21.04,203.0,182.29,20.71,38.74
21.06,217.0,182.35,34.65,37.98
21.08,252.0,182.4,69.6,36.12
21.1,230.0,182.46,47.54,36.79
21.12,217.0,182.52,34.48,36.4
21.14,220.0,182.58,37.42,37.75
21.16,220.0,182.63,37.37,39.46
21.18,236.0,182.69,53.31,40.14
21.2,233.0,182.75,50.25,38.97
21.22,192.0,182.81,9.19,37.09
21.24,234.0,182.87,51.13,39.11
21.26,229.0,182.92,46.08,40.62
21.28,198.0,182.98,15.02,42.15
21.3,213.0,183.04,29.96,42.59
21.32,243.0,183.1,59.9,42.35
21.34,220.0,183.15,36.85,45.27
21.36,234.0,183.21,50.79,45.75
21.38,212.0,183.27,28.73,45.97
21.4,226.0,183.33,42.67,46.14
21.42,241.0,183.39,57.61,46.82
21.44,246.0,183.44,62.56,47.93
21.46,277.0,183.5,93.5,49.92
21.48,224.0,183.56,40.44,47.53
21.5,229.0,183.62,45.38,47.14
21.52,213.0,183.67,29.33,47.47
21.54,212.0,183.73,28.27,44.99
21.56,228.0,183.79,44.21,42.67
21.58,211.0,183.85,27.15,41.35
21.6,234.0,183.91,50.09,37.65
21.62,226.0,183.96,42.04,36.58
21.64,227.0,184.02,42.98,32.64
21.66,214.0,184.08,29.92,31.62
21.68,220.0,184.14,35.86,30.6
21.7,200.0,184.2,15.8,30.2
21.72,221.0,184.25,36.75,33.31
21.74,224.0,184.31,39.69,35.96
21.76,206.0,184.37,21.63,37.86
21.78,211.0,184.43,26.57,38.39
21.8,210.0,184.49,25.51,36.83
21.82,222.0,184.54,37.46,37.84
21.84,245.0,184.6,60.4,36.85
21.86,220.0,184.66,35.34,38.39
21.88,249.0,184.72,64.28,37.38
21.9,215.0,184.78,30.22,37.97
21.92,233.0,184.84,48.16,39.73
21.94,240.0,184.89,55.11,39.4
21.96,233.0,184.95,48.05,38.9
21.98,195.0,185.01,9.99,38.49
22.0,206.0,185.07,20.93,38.08
22.02,207.0,185.13,21.87,37.92
22.04,238.0,185.19,52.81,37.38
22.06,213.0,185.24,27.76,35.48
22.08,228.0,185.3,42.7,36.18
22.1,209.0,185.36,23.64,39.03
22.12,250.0,185.42,64.58,40.07
22.14,235.0,185.48,49.52,42.26
22.16,201.0,185.54,15.46,42.06
22.18,239.0,185.59,53.41,43.11
22.2,220.0,185.65,34.35,45.85
22.22,237.0,185.71,51.29,46.1
22.24,247.0,185.77,61.23,44.88
22.26,226.0,185.83,40.17,42.78
22.28,232.0,185.89,46.11,41.55
22.3,254.0,185.95,68.05,41.24
22.32,223.0,186.0,37.0,38.08
22.34,208.0,186.06,21.94,36.14
22.36,208.0,186.12,21.88,32.49
22.38,216.0,186.18,29.82,33.26
22.4,222.0,186.24,35.76,34.28
22.42,217.0,186.3,30.7,31.93
22.44,194.0,186.36,7.64,31.45
22.46,229.0,186.42,42.58,28.37
22.48,211.0,186.48,24.52,29.51
22.5,226.0,186.53,39.47,29.97
22.52,202.0,186.59,15.41,30.24
22.54,211.0,186.65,24.35,29.21
22.56,234.0,186.71,47.29,32.32
22.58,232.0,186.77,45.23,35.2
22.6,245.0,186.83,58.17,35.91
22.62,218.0,186.89,31.11,35.33
22.64,201.0,186.95,14.05,35.77
22.66,215.0,187.01,27.99,37.31
22.68,219.0,187.07,31.93,37.02
22.7,251.0,187.13,63.87,35.95
22.72,202.0,187.18,14.82,37.52
22.74,229.0,187.24,41.76,37.54
22.76,218.0,187.3,30.7,37.93
22.78,255.0,187.36,67.64,37.43
22.8,225.0,187.42,37.58,36.29
22.82,202.0,187.48,14.52,36.15
22.84,217.0,187.54,29.46,36.98
22.86,236.0,187.6,48.4,39.79
22.88,228.0,187.66,40.34,40.36
22.9,215.0,187.72,27.28,39.22
22.92,242.0,187.78,54.22,37.8
22.94,231.0,187.84,43.16,37.5
22.96,218.0,187.9,30.1,39.24
22.98,223.0,187.96,35.04,39.46
23.0,231.0,188.02,42.98,39.32
23.02,218.0,188.08,29.92,37.26
23.04,230.0,188.14,41.86,37.2
23.06,239.0,188.2,50.8,36.01
23.08,227.0,188.26,38.74,34.19
23.1,210.0,188.32,21.68,33.26
23.12,219.0,188.38,30.62,33.02
23.14,223.0,188.44,34.56,33.33
23.16,237.0,188.5,48.5,32.48
23.18,220.0,188.56,31.44,34.5
23.2,220.0,188.62,31.38,35.4
23.22,175.0,188.68,-13.68,35.48
23.24,208.0,188.74,19.26,34.01
23.26,226.0,188.8,37.2,32.23
23.28,239.0,188.86,50.14,31.73
23.3,241.0,188.93,52.07,32.9
23.32,229.0,188.99,40.01,34.08
23.34,224.0,189.05,34.95,34.98
23.36,234.0,189.11,44.89,34.18
23.38,221.0,189.17,31.83,34.15
23.4,225.0,189.23,35.77,32.3
23.42,202.0,189.29,12.71,32.05
23.44,207.0,189.35,17.65,32.32
23.46,201.0,189.41,11.59,31.01
23.48,228.0,189.47,38.53,25.97
23.5,250.0,189.54,60.46,22.78
23.52,222.0,189.6,32.4,22.28
23.54,203.0,189.66,13.34,23.04
23.56,211.0,189.72,21.28,23.12
23.58,203.0,189.78,13.22,24.52
23.6,208.0,189.84,18.16,24.91
23.62,195.0,189.9,5.1,26.92
23.64,227.0,189.96,37.04,29.21
23.66,221.0,190.03,30.97,28.71
23.68,196.0,190.09,5.91,28.76
23.7,219.0,190.15,28.85,27.53
23.72,251.0,190.21,60.79,25.74
23.74,242.0,190.27,51.73,27.08
23.76,218.0,190.33,27.67,30.25
23.78,213.0,190.4,22.6,33.4
23.8,236.0,190.46,45.54,32.97
23.82,210.0,190.52,19.48,33.45
23.84,224.0,190.58,33.42,34.66
23.86,211.0,190.64,20.36,33.68
23.88,187.0,190.71,-3.71,32.17
23.9,243.0,190.77,52.23,32.29
23.92,214.0,190.83,23.17,31.26
23.94,238.0,190.89,47.11,30.55
23.96,244.0,190.95,53.05,29.44
23.98,222.0,191.02,30.98,29.42
24.0,222.0,191.08,30.92,30.49
24.02,197.0,191.14,5.86,29.77
24.04,233.0,191.2,41.8,27.25
24.06,225.0,191.26,33.74,28.15
24.08,196.0,191.33,4.67,27.64
24.1,228.0,191.39,36.61,27.97
24.12,217.0,191.45,25.55,25.86
24.14,216.0,191.51,24.49,23.47
24.16,231.0,191.58,39.42,23.48
24.18,187.0,191.64,-4.64,22.38
24.2,207.0,191.7,15.3,22.53
24.22,225.0,191.76,33.24,23.05
24.24,207.0,191.82,15.18,23.18
24.26,214.0,191.89,22.11,23.26
24.28,241.0,191.95,49.05,21.65
24.3,213.0,192.01,20.99,23.28
24.32,209.0,192.07,16.93,24.67
24.34,204.0,192.14,11.86,24.06
24.36,231.0,192.2,38.8,25.49
24.38,209.0,192.26,16.74,25.23
24.4,219.0,192.32,26.68,25.77
24.42,211.0,192.39,18.61,27.36
24.44,216.0,192.45,23.55,27.13
24.46,227.0,192.51,34.49,25.7
24.48,221.0,192.57,28.43,28.07
24.5,227.0,192.64,34.36,26.2
24.52,232.0,192.7,39.3,26.57
24.54,216.0,192.76,23.24,28.5
24.56,216.0,192.82,23.18,29.41
24.58,217.0,192.88,24.12,28.38
24.6,212.0,192.95,19.05,28.84
24.62,233.0,193.01,39.99,31.61
24.64,222.0,193.07,28.93,31.91
24.66,224.0,193.13,30.87,31.78
24.68,212.0,193.2,18.8,30.6
24.7,243.0,193.26,49.74,29.63
24.72,197.0,193.32,3.68,29.14
24.74,249.0,193.38,55.62,28.72
24.76,221.0,193.45,27.55,27.68
24.78,226.0,193.51,32.49,29.03
24.8,218.0,193.57,24.43,28.58
24.82,247.0,193.63,53.37,26.88
24.84,215.0,193.69,21.31,26.8
24.86,195.0,193.76,1.24,24.88
24.88,205.0,193.82,11.18,24.6
24.9,215.0,193.88,21.12,22.88
24.92,221.0,193.94,27.06,23.55
24.94,219.0,194.0,25.0,21.25
24.96,222.0,194.07,27.93,22.91
24.98,215.0,194.13,20.87,20.59
25.0,234.0,194.19,39.81,21.67
25.02,202.0,194.25,7.75,22.26
25.04,212.0,194.31,17.69,24.22
25.06,232.0,194.37,37.63,26.31
25.08,204.0,194.44,9.56,28.25
25.1,225.0,194.5,30.5,29.28
25.12,221.0,194.56,26.44,28.74
25.14,241.0,194.62,46.38,30.19
25.16,206.0,194.68,11.32,31.89
25.18,244.0,194.74,49.26,32.89
25.2,216.0,194.81,21.19,33.3
25.22,238.0,194.87,43.13,33.86
25.24,242.0,194.93,47.07,33.58
25.26,234.0,194.99,39.01,34.13
25.28,219.0,195.05,23.95,33.72
25.3,205.0,195.11,9.89,31.77
25.32,242.0,195.17,46.83,31.31
25.34,236.0,195.23,40.77,29.53
25.36,242.0,195.29,46.71,27.11
25.38,211.0,195.36,15.64,25.58
25.4,205.0,195.42,9.58,26.48
25.42,215.0,195.48,19.52,23.33
25.44,219.0,195.54,23.46,24.38
25.46,216.0,195.6,20.4,23.27
25.48,219.0,195.66,23.34,24.08
25.5,224.0,195.72,28.28,24.65
25.52,202.0,195.78,6.22,25.17
25.54,228.0,195.84,32.16,24.85
25.56,224.0,195.9,28.1,22.43
25.58,214.0,195.96,18.04,23.4
25.6,244.0,196.02,47.98,24.88
25.62,230.0,196.08,33.92,28.07
25.64,211.0,196.14,14.86,29.22
25.66,244.0,196.2,47.8,29.18
25.68,215.0,196.26,18.74,30.3
25.7,223.0,196.32,26.68,31.15
25.72,212.0,196.38,15.62,33.05
25.74,225.0,196.44,28.56,33.8
25.76,225.0,196.5,28.5,33.27
25.78,227.0,196.56,30.44,31.64
25.8,250.0,196.62,53.38,31.78
25.82,239.0,196.68,42.32,29.64
25.84,236.0,196.74,39.26,30.07
25.86,222.0,196.8,25.2,30.72
25.88,226.0,196.85,29.15,31.69
25.9,236.0,196.91,39.09,30.21
25.92,223.0,196.97,26.03,31.56
25.94,228.0,197.03,30.97,30.75
25.96,200.0,197.09,2.91,30.16
25.98,211.0,197.15,13.85,28.75
26.0,235.0,197.21,37.79,28.0
26.02,229.0,197.26,31.74,25.68
26.04,221.0,197.32,23.68,24.49
26.06,260.0,197.38,62.62,25.72
26.08,207.0,197.44,9.56,26.0
26.1,231.0,197.5,33.5,25.93
26.12,214.0,197.55,16.45,26.98
26.14,232.0,197.61,34.39,28.3
26.16,218.0,197.67,20.33,28.53
26.18,224.0,197.73,26.27,30.94
26.2,225.0,197.78,27.22,33.53
26.22,223.0,197.84,25.16,32.52
26.24,220.0,197.9,22.1,31.74
26.26,248.0,197.95,50.05,33.46
26.28,237.0,198.01,38.99,34.39
26.3,226.0,198.07,27.93,35.35
26.32,240.0,198.12,41.88,38.01
26.34,255.0,198.18,56.82,37.38
26.36,229.0,198.24,30.76,38.28
26.38,227.0,198.29,28.71,37.99
26.4,263.0,198.35,64.65,37.41
26.42,219.0,198.41,20.59,35.43
26.44,215.0,198.46,16.54,32.95
26.46,240.0,198.52,41.48,31.78
26.48,242.0,198.57,43.43,30.48
26.5,222.0,198.63,23.37,26.74
26.52,227.0,198.68,28.32,25.42
26.54,212.0,198.74,13.26,23.98
26.56,222.0,198.79,23.21,21.4
26.58,222.0,198.85,23.15,20.52
26.6,212.0,198.9,13.1,20.66
26.62,204.0,198.96,5.04,18.77
26.64,218.0,199.01,18.99,18.21
26.66,223.0,199.07,23.93,19.88
26.68,235.0,199.12,35.88,19.46
26.7,211.0,199.18,11.82,17.21
26.72,201.0,199.23,1.77,17.41
26.74,232.0,199.28,32.72,18.94
26.76,223.0,199.34,23.66,20.34
26.78,218.0,199.39,18.61,21.83
26.8,227.0,199.44,27.56,21.26
26.82,214.0,199.5,14.5,20.96
26.84,218.0,199.55,18.45,22.0
26.86,234.0,199.6,34.4,22.51
26.88,212.0,199.66,12.34,21.31
26.9,217.0,199.71,17.29,20.37
26.92,213.0,199.76,13.24,21.73
26.94,240.0,199.81,40.19,23.54
26.96,233.0,199.87,33.13,22.12
26.98,224.0,199.92,24.08,22.37
27.0,209.0,199.97,9.03,24.91
27.02,210.0,200.02,9.98,26.65
27.04,229.0,200.07,28.93,27.65
27.06,239.0,200.13,38.87,27.99
27.08,221.0,200.18,20.82,26.33
27.1,218.0,200.23,17.77,26.24
27.12,235.0,200.28,34.72,27.19
27.14,248.0,200.33,47.67,27.0
27.16,218.0,200.38,17.62,26.62
27.18,224.0,200.43,23.57,24.97
27.2,261.0,200.48,60.52,24.7
27.22,223.0,200.53,22.47,26.87
27.24,209.0,200.58,8.42,25.45
27.26,208.0,200.63,7.37,23.99
27.28,207.0,200.68,6.32,24.36
27.3,223.0,200.73,22.27,24.53
27.32,246.0,200.78,45.22,25.33
27.34,225.0,200.83,24.17,25.87
27.36,224.0,200.88,23.12,24.61
27.38,219.0,200.93,18.07,24.12
27.4,221.0,200.98,20.02,24.2
27.42,235.0,201.02,33.98,22.73
27.44,245.0,201.07,43.93,21.84
27.46,200.0,201.12,-1.12,25.51
27.48,253.0,201.17,51.83,25.83
27.5,244.0,201.22,42.78,26.3
27.52,207.0,201.26,5.74,27.24
27.54,221.0,201.31,19.69,26.53
27.56,221.0,201.36,19.64,26.24
27.58,203.0,201.4,1.6,26.15
27.6,222.0,201.45,20.55,25.57
27.62,226.0,201.5,24.5,24.25
27.64,239.0,201.54,37.46,24.24
27.66,244.0,201.59,42.41,24.05
27.68,246.0,201.64,44.36,23.65
27.7,216.0,201.68,14.32,23.78
27.72,241.0,201.73,39.27,21.02
27.74,223.0,201.77,21.23,22.86
27.76,199.0,201.82,-2.82,25.52
27.78,213.0,201.86,11.14,24.16
27.8,212.0,201.91,10.09,23.68
27.82,234.0,201.95,32.05,23.92
27.84,227.0,202.0,25.0,20.83
27.86,241.0,202.04,38.96,19.63
27.88,213.0,202.09,10.91,17.89
27.9,210.0,202.13,7.87,18.16
27.92,225.0,202.17,22.83,19.88
27.94,234.0,202.22,31.78,22.17
27.96,242.0,202.26,39.74,22.61
27.98,221.0,202.3,18.7,23.7
28.0,202.0,202.35,-0.35,25.7
28.02,229.0,202.39,26.61,25.46
28.04,226.0,202.43,23.57,24.82
28.06,210.0,202.47,7.53,24.44
28.08,243.0,202.52,40.48,25.3
28.1,230.0,202.56,27.44,25.71
28.12,247.0,202.6,44.4,26.5
28.14,235.0,202.64,32.36,25.75
28.16,223.0,202.68,20.32,26.01
28.18,222.0,202.72,19.28,25.92
28.2,224.0,202.76,21.24,24.84
28.22,243.0,202.8,40.2,26.67
28.24,214.0,202.85,11.15,24.54
28.26,222.0,202.89,19.11,23.51
28.28,233.0,202.92,30.08,22.41
28.3,223.0,202.96,20.04,22.1
28.32,221.0,203.0,18.0,21.05
28.34,221.0,203.04,17.96,20.38
28.36,232.0,203.08,28.92,18.72
28.38,232.0,203.12,28.88,17.88
28.4,203.0,203.16,-0.16,17.69
28.42,213.0,203.2,9.8,18.51
28.44,240.0,203.23,36.77,18.68
28.46,201.0,203.27,-2.27,18.32
28.48,251.0,203.31,47.69,21.2
28.5,211.0,203.35,7.65,21.34
28.52,233.0,203.38,29.62,22.16
28.54,217.0,203.42,13.58,24.3
28.56,204.0,203.46,0.54,25.74
28.58,227.0,203.49,23.51,27.18
28.6,238.0,203.53,34.47,28.66
28.62,255.0,203.57,51.43,28.33
28.64,249.0,203.6,45.4,31.72
28.66,226.0,203.64,22.36,32.45
28.68,236.0,203.67,32.33,32.42
28.7,252.0,203.71,48.29,33.51
28.72,224.0,203.74,20.26,33.52
28.74,243.0,203.77,39.23,36.02
28.76,241.0,203.81,37.19,36.71
28.78,233.0,203.84,29.16,37.73
28.8,236.0,203.88,32.12,36.9
28.82,233.0,203.91,29.09,35.46
28.84,229.0,203.94,25.06,34.14
28.86,277.0,203.97,73.03,33.19
28.88,223.0,204.01,18.99,34.08
28.9,230.0,204.04,25.96,35.47
28.92,244.0,204.07,39.93,35.16
28.94,256.0,204.1,51.9,35.32
28.96,236.0,204.13,31.87,35.07
28.98,240.0,204.16,35.84,36.4
29.0,227.0,204.19,22.81,37.24
29.02,236.0,204.22,31.78,38.22
29.04,248.0,204.25,43.75,39.44
29.06,236.0,204.28,31.72,40.45
29.08,249.0,204.31,44.69,40.78
29.1,256.0,204.34,51.66,40.61
29.12,250.0,204.37,45.63,43.91
29.14,243.0,204.4,38.6,44.42
29.16,249.0,204.43,44.57,45.56
29.18,251.0,204.46,46.54,46.05
29.2,285.0,204.49,80.51,48.5
29.22,236.0,204.51,31.49,51.98
29.24,261.0,204.54,56.46,54.88
29.26,263.0,204.57,58.43,56.25
29.28,253.0,204.59,48.41,57.7
29.3,259.0,204.62,54.38,60.61
29.32,269.0,204.65,64.35,65.03
29.34,276.0,204.67,71.33,68.62
29.36,279.0,204.7,74.3,72.47
29.38,283.0,204.72,78.28,78.87
29.4,281.0,204.75,76.25,86.59
29.42,316.0,204.77,111.23,95.14
29.44,316.0,204.8,111.2,103.89
29.46,291.0,204.82,86.18,113.36
29.48,310.0,204.84,105.16,119.6
29.5,332.0,204.87,127.13,128.59
29.52,354.0,204.89,149.11,136.56
29.54,363.0,204.91,158.09,142.73
29.56,341.0,204.93,136.07,151.73
29.58,383.0,204.96,178.04,162.19
29.6,416.0,204.98,211.02,169.71
29.62,396.0,205.0,191.0,178.05
29.64,381.0,205.02,175.98,186.41
29.66,379.0,205.04,173.96,195.67
29.68,381.0,205.06,175.94,206.39
29.7,417.0,205.08,211.92,217.37
29.72,439.0,205.1,233.9,228.12
29.74,428.0,205.12,222.88,238.15
29.76,460.0,205.14,254.86,249.28
29.78,499.0,205.16,293.84,262.2
29.8,472.0,205.18,266.82,276.38
29.82,460.0,205.19,254.81,291.99
29.84,525.0,205.21,319.79,307.16
29.86,533.0,205.23,327.77,326.06
29.88,554.0,205.25,348.75,342.52
29.9,550.0,205.26,344.74,357.2
29.92,576.0,205.28,370.72,371.92
29.94,594.0,205.29,388.71,382.27
29.96,583.0,205.31,377.69,392.77
29.98,618.0,205.33,412.67,401.93
30.0,635.0,205.34,429.66,411.03
30.02,645.0,205.36,439.64,417.14
30.04,651.0,205.37,445.63,424.44
30.06,603.0,205.38,397.62,427.03
30.08,644.0,205.4,438.6,426.85
30.1,617.0,205.41,411.59,427.28
30.12,632.0,205.42,426.58,425.48
30.14,629.0,205.44,423.56,421.89
30.16,590.0,205.45,384.55,414.64
30.18,618.0,205.46,412.54,405.86
30.2,610.0,205.47,404.53,395.91
30.22,618.0,205.48,412.52,384.24
30.24,558.0,205.49,352.51,370.18
30.26,582.0,205.5,376.5,355.45
30.28,554.0,205.51,348.49,343.3
30.3,551.0,205.52,345.48,330.36
30.32,513.0,205.53,307.47,311.58
30.34,494.0,205.54,288.46,294.6
30.36,472.0,205.55,266.45,277.65
30.38,456.0,205.56,250.44,261.77
30.4,447.0,205.57,241.43,244.92
30.42,437.0,205.58,231.42,229.0
30.44,421.0,205.58,215.42,213.86
30.46,381.0,205.59,175.41,201.05
30.48,406.0,205.6,200.4,191.14
30.5,407.0,205.6,201.4,180.48
30.52,349.0,205.61,143.39,172.16
30.54,342.0,205.61,136.39,162.88
30.56,369.0,205.62,163.38,155.1
30.58,372.0,205.63,166.37,146.99
30.6,342.0,205.63,136.37,138.35
30.62,336.0,205.63,130.37,131.85
30.64,361.0,205.64,155.36,125.89
30.66,315.0,205.64,109.36,119.42
30.68,341.0,205.64,135.36,114.48
30.7,319.0,205.65,113.35,107.98
30.72,306.0,205.65,100.35,102.26
30.74,276.0,205.65,70.35,98.39
30.76,275.0,205.65,69.35,94.74
30.78,287.0,205.66,81.34,87.53
30.8,289.0,205.66,83.34,78.6
30.82,286.0,205.66,80.34,71.46
30.84,304.0,205.66,98.34,66.06
30.86,270.0,205.66,64.34,61.26
30.88,258.0,205.66,52.34,57.54
30.9,272.0,205.66,66.34,56.78
30.92,252.0,205.66,46.34,53.25
30.94,279.0,205.66,73.34,53.55
30.96,233.0,205.65,27.35,51.94
30.98,226.0,205.65,20.35,49.78
31.0,232.0,205.65,26.35,47.21
31.02,238.0,205.65,32.35,44.45
31.04,261.0,205.65,55.35,42.95
31.06,274.0,205.64,68.36,42.92
31.08,276.0,205.64,70.36,41.51
31.1,258.0,205.63,52.37,43.57
31.12,246.0,205.63,40.37,42.81
31.14,236.0,205.63,30.37,41.58
31.16,250.0,205.62,44.38,40.58
31.18,223.0,205.62,17.38,39.49
31.2,246.0,205.61,40.39,40.9
31.22,258.0,205.6,52.4,40.22
31.24,243.0,205.6,37.4,38.16
31.26,246.0,205.59,40.41,36.04
31.28,241.0,205.59,35.41,34.79
31.3,222.0,205.58,16.42,31.47
31.32,248.0,205.57,42.43,31.28
31.34,219.0,205.56,13.44,31.15
31.36,239.0,205.55,33.45,31.48
31.38,238.0,205.55,32.45,31.69
31.4,256.0,205.54,50.46,32.72
31.42,246.0,205.53,40.47,32.92
31.44,239.0,205.52,33.48,31.29
31.46,228.0,205.51,22.49,30.48
31.48,233.0,205.5,27.5,32.18
31.5,229.0,205.49,23.51,32.26
31.52,207.0,205.48,1.52,33.64
31.54,264.0,205.47,58.53,35.13
31.56,239.0,205.45,33.55,32.54
31.58,256.0,205.44,50.56,31.81
31.6,245.0,205.43,39.57,30.85
31.62,241.0,205.42,35.58,30.31
31.64,213.0,205.41,7.59,29.76
31.66,237.0,205.39,31.61,29.73
31.68,239.0,205.38,33.62,29.35
31.7,249.0,205.37,43.63,28.81
31.72,224.0,205.35,18.65,28.79
31.74,238.0,205.34,32.66,29.05
31.76,219.0,205.32,13.68,29.57
31.78,204.0,205.31,-1.31,26.33
31.8,249.0,205.29,43.71,27.53
31.82,249.0,205.28,43.72,27.57
31.84,223.0,205.26,17.74,27.49
31.86,229.0,205.25,23.75,26.66
31.88,226.0,205.23,20.77,26.1
31.9,239.0,205.21,33.79,24.7
31.92,244.0,205.19,38.81,23.31
31.94,247.0,205.18,41.82,22.95
31.96,228.0,205.16,22.84,23.9
31.98,223.0,205.14,17.86,22.5
32.0,193.0,205.12,-12.12,22.36
32.02,233.0,205.1,27.9,19.47
32.04,213.0,205.09,7.91,14.58
32.06,204.0,205.07,-1.07,14.79
32.08,224.0,205.05,18.95,15.38
32.1,233.0,205.03,27.97,16.91
32.12,231.0,205.01,25.99,18.14
32.14,213.0,204.99,8.01,19.02
32.16,233.0,204.97,28.03,20.95
32.18,221.0,204.94,16.06,22.45
32.2,211.0,204.92,6.08,26.6
32.22,225.0,204.9,20.1,28.68
32.24,218.0,204.88,13.12,29.4
32.26,248.0,204.86,43.14,27.97
32.28,275.0,204.83,70.17,29.44
32.3,246.0,204.81,41.19,29.43
32.32,256.0,204.79,51.21,28.8
32.34,220.0,204.76,15.24,28.98
32.36,227.0,204.74,22.26,29.85
32.38,228.0,204.71,23.29,30.92
32.4,223.0,204.69,18.31,28.63
32.42,241.0,204.66,36.34,28.48
32.44,204.0,204.64,-0.64,28.24
32.46,217.0,204.61,12.39,26.69
32.48,233.0,204.59,28.41,25.73
32.5,251.0,204.56,46.44,23.59
32.52,232.0,204.53,27.47,23.77
32.54,236.0,204.51,31.49,25.09
32.56,231.0,204.48,26.52,24.63
32.58,230.0,204.45,25.55,25.52
32.6,225.0,204.42,20.58,26.0
32.62,216.0,204.4,11.6,24.7
32.64,251.0,204.37,46.63,24.39
32.66,237.0,204.34,32.66,24.04
32.68,224.0,204.31,19.69,26.52
32.7,226.0,204.28,21.72,25.52
32.72,221.0,204.25,16.75,24.39
32.74,225.0,204.22,20.78,24.81
32.76,211.0,204.19,6.81,26.25
32.78,226.0,204.16,21.84,26.1
32.8,240.0,204.13,35.87,26.02
32.82,241.0,204.09,36.91,25.77
32.84,215.0,204.06,10.94,25.38
32.86,251.0,204.03,46.97,23.07
32.88,242.0,204.0,38.0,21.92
32.9,240.0,203.96,36.04,21.79
32.92,210.0,203.93,6.07,22.09
32.94,223.0,203.9,19.1,20.72
32.96,228.0,203.86,24.14,20.53
32.98,212.0,203.83,8.17,20.18
33.0,211.0,203.79,7.21,20.05
33.02,218.0,203.76,14.24,18.08
33.04,220.0,203.72,16.28,17.51
33.06,217.0,203.69,13.31,18.81
33.08,216.0,203.65,12.35,18.42
33.1,245.0,203.61,41.39,19.06
33.12,216.0,203.58,12.42,22.62
33.14,237.0,203.54,33.46,25.56
33.16,225.0,203.5,21.5,27.58
33.18,245.0,203.46,41.54,28.79
33.2,232.0,203.42,28.58,29.89
33.22,230.0,203.39,26.61,32.61
33.24,230.0,203.35,26.65,34.13
33.26,247.0,203.31,43.69,33.92
33.28,241.0,203.27,37.73,35.31
33.3,228.0,203.23,24.77,37.02
33.32,269.0,203.19,65.81,36.68
33.34,234.0,203.15,30.85,35.76
33.36,222.0,203.1,18.9,36.44
33.38,228.0,203.06,24.94,36.17
33.4,250.0,203.02,46.98,36.78
33.42,237.0,202.98,34.02,35.7
33.44,252.0,202.94,49.06,36.62
33.46,232.0,202.89,29.11,35.27
33.48,231.0,202.85,28.15,32.78
33.5,254.0,202.8,51.2,31.31
33.52,230.0,202.76,27.24,32.53
33.54,216.0,202.72,13.28,31.25
33.56,237.0,202.67,34.33,29.56
33.58,239.0,202.63,36.37,29.13
33.6,241.0,202.58,38.42,28.72
33.62,224.0,202.53,21.47,27.79
33.64,221.0,202.49,18.51,26.56
33.66,231.0,202.44,28.56,27.72
33.68,212.0,202.39,9.61,27.11
33.7,233.0,202.35,30.65,27.06
33.72,251.0,202.3,48.7,27.77
33.74,235.0,202.25,32.75,27.72
33.76,193.0,202.2,-9.2,30.33
33.78,235.0,202.15,32.85,28.06
33.8,228.0,202.1,25.9,27.04
33.82,258.0,202.05,55.95,27.26
33.84,235.0,202.0,33.0,28.28
33.86,229.0,201.95,27.05,32.28
33.88,236.0,201.9,34.1,33.91
33.9,218.0,201.85,16.15,34.52
33.92,236.0,201.8,34.2,35.4
33.94,251.0,201.74,49.26,35.2
33.96,224.0,201.69,22.31,37.44
33.98,234.0,201.64,32.36,39.63
34.0,214.0,201.59,12.41,43.39
34.02,281.0,201.53,79.47,44.12
34.04,257.0,201.48,55.52,45.92
34.06,265.0,201.42,63.58,48.71
34.08,267.0,201.37,65.63,52.93
34.1,225.0,201.31,23.69,54.1
34.12,245.0,201.26,43.74,57.33
34.14,259.0,201.2,57.8,58.11
34.16,270.0,201.14,68.86,57.65
34.18,274.0,201.09,72.91,60.28
34.2,256.0,201.03,54.97,61.15
34.22,285.0,200.97,84.03,61.55
34.24,252.0,200.91,51.09,62.57
34.26,263.0,200.86,62.14,60.17
34.28,275.0,200.8,74.2,64.02
34.3,250.0,200.74,49.26,65.27
34.32,254.0,200.68,53.32,70.03
34.34,288.0,200.62,87.38,75.96
34.36,246.0,200.56,45.44,77.75
34.38,291.0,200.5,90.5,80.74
34.4,298.0,200.43,97.57,83.21
34.42,261.0,200.37,60.63,85.38
34.44,309.0,200.31,108.69,88.25
34.46,296.0,200.25,95.75,90.16
34.48,294.0,200.18,93.82,96.46
34.5,331.0,200.12,130.88,99.79
34.52,304.0,200.06,103.94,103.31
34.54,341.0,199.99,141.01,110.78
34.56,304.0,199.93,104.07,114.41
34.58,290.0,199.86,90.14,120.92
34.6,312.0,199.79,112.21,126.3
34.62,304.0,199.73,104.27,131.3
34.64,326.0,199.66,126.34,137.74
34.66,354.0,199.59,154.41,146.31
34.68,367.0,199.53,167.47,151.31
34.7,386.0,199.46,186.54,162.15
34.72,361.0,199.39,161.61,172.07
34.74,393.0,199.32,193.68,181.77
34.76,420.0,199.25,220.75,194.42
34.78,384.0,199.18,184.82,207.61
34.8,436.0,199.11,236.89,226.2
34.82,400.0,199.04,200.96,239.25
34.84,469.0,198.97,270.03,254.3
34.86,453.0,198.9,254.1,270.79
34.88,493.0,198.83,294.17,285.63
34.9,496.0,198.75,297.25,304.14
34.92,547.0,198.68,348.32,324.7
34.94,528.0,198.61,329.39,343.7
34.96,562.0,198.53,363.47,366.54
34.98,598.0,198.46,399.54,390.99
35.0,632.0,198.38,433.62,420.75
35.02,643.0,198.31,444.69,450.22
35.04,629.0,198.23,430.77,478.62
35.06,728.0,198.16,529.84,506.73
35.08,721.0,198.08,522.92,532.14
35.1,752.0,198.0,554.0,565.69
35.12,810.0,197.92,612.08,596.42
35.14,809.0,197.85,611.15,628.35
35.16,841.0,197.77,643.23,659.89
35.18,935.0,197.69,737.31,693.55
35.2,958.0,197.61,760.39,724.18
35.22,959.0,197.53,761.47,755.43
35.24,934.0,197.45,736.55,789.57
35.26,998.0,197.37,800.63,821.93
35.28,1006.0,197.29,808.71,845.45
35.3,1091.0,197.2,893.8,869.52
35.32,1136.0,197.12,938.88,895.7
35.34,1091.0,197.04,893.96,918.41
35.36,1131.0,196.95,934.05,935.92
35.38,1157.0,196.87,960.13,949.78
35.4,1167.0,196.79,970.21,960.96
35.42,1177.0,196.7,980.3,967.87
35.44,1193.0,196.62,996.38,972.61
35.46,1186.0,196.53,989.47,975.15
35.48,1124.0,196.44,927.56,971.36
35.5,1121.0,196.36,924.64,959.8
35.52,1224.0,196.27,1027.73,942.65
35.54,1131.0,196.18,934.82,922.45
35.56,1102.0,196.1,905.9,904.25
35.58,1049.0,196.01,852.99,882.25
35.6,1045.0,195.92,849.08,852.03
35.62,1052.0,195.83,856.17,820.11
35.64,973.0,195.74,777.26,786.94
35.66,930.0,195.65,734.35,753.36
35.68,928.0,195.56,732.44,717.09
35.7,866.0,195.47,670.53,684.44
35.72,840.0,195.38,644.62,652.9
35.74,797.0,195.28,601.72,614.85
35.76,814.0,195.19,618.81,579.55
35.78,743.0,195.1,547.9,551.93
35.8,663.0,195.0,468.0,520.42
35.82,661.0,194.91,466.09,490.03
35.84,655.0,194.82,460.18,459.32
35.86,635.0,194.72,440.28,430.64
35.88,614.0,194.63,419.37,407.41
35.9,576.0,194.53,381.47,382.08
35.92,594.0,194.44,399.56,356.62
35.94,529.0,194.34,334.66,335.16
35.96,483.0,194.24,288.76,313.23
35.98,512.0,194.15,317.85,295.18
36.0,448.0,194.05,253.95,277.81
36.02,435.0,193.95,241.05,262.95
36.04,441.0,193.85,247.15,247.54
36.06,425.0,193.75,231.25,228.87
36.08,407.0,193.65,213.35,214.32
36.1,404.0,193.55,210.45,202.19
36.12,370.0,193.45,176.55,190.58
36.14,375.0,193.35,181.65,181.54
36.16,381.0,193.25,187.75,172.84
36.18,367.0,193.15,173.85,164.89
36.2,369.0,193.05,175.95,158.03
36.22,326.0,192.95,133.05,148.93
36.24,309.0,192.84,116.16,143.22
36.26,334.0,192.74,141.26,136.84
36.28,330.0,192.64,137.36,130.11
36.3,347.0,192.54,154.46,125.44
36.32,311.0,192.43,118.57,120.98
36.34,299.0,192.33,106.67,116.03
36.36,310.0,192.22,117.78,112.98
36.38,286.0,192.12,93.88,108.24
36.4,273.0,192.01,80.99,105.52
36.42,322.0,191.91,130.09,103.8
36.44,284.0,191.8,92.2,103.87
36.46,301.0,191.69,109.31,104.29
36.48,308.0,191.59,116.41,103.98
36.5,285.0,191.48,93.52,104.28
36.52,295.0,191.37,103.63,103.56
36.54,288.0,191.26,96.74,102.67
36.56,292.0,191.16,100.84,104.99
36.58,306.0,191.05,114.95,107.36
36.6,296.0,190.94,105.06,107.32
36.62,311.0,190.83,120.17,109.89
36.64,301.0,190.72,110.28,109.54
36.66,314.0,190.61,123.39,108.6
36.68,293.0,190.5,102.5,112.29
36.7,311.0,190.39,120.61,111.49
36.72,296.0,190.28,105.72,111.43
36.74,265.0,190.17,74.83,112.25
36.76,308.0,190.06,117.94,111.9
36.78,325.0,189.95,135.05,111.41
36.8,311.0,189.83,121.17,110.17
36.82,285.0,189.72,95.28,109.39
36.84,316.0,189.61,126.39,109.44
36.86,287.0,189.5,97.5,107.68
36.88,311.0,189.38,121.62,109.1
36.9,303.0,189.27,113.73,111.89
36.92,269.0,189.16,79.84,113.8
36.94,301.0,189.04,111.96,114.09
36.96,305.0,188.93,116.07,115.93
36.98,301.0,188.81,112.19,116.24
37.0,296.0,188.7,107.3,112.18
37.02,305.0,188.58,116.42,110.51
37.04,310.0,188.47,121.53,111.02
37.06,305.0,188.35,116.65,111.29
37.08,306.0,188.24,117.76,109.0
37.1,333.0,188.12,144.88,109.59
37.12,302.0,188.0,114.0,106.56
37.14,263.0,187.89,75.11,105.5
37.16,282.0,187.77,94.23,102.47
37.18,282.0,187.65,94.35,99.58
37.2,266.0,187.54,78.46,99.06
37.22,266.0,187.42,78.58,94.87
37.24,294.0,187.3,106.7,91.83
37.26,292.0,187.18,104.82,88.13
37.28,276.0,187.07,88.93,84.35
37.3,266.0,186.95,79.05,80.76
37.32,275.0,186.83,88.17,79.65
37.34,250.0,186.71,63.29,77.2
37.36,274.0,186.59,87.41,78.31
37.38,261.0,186.47,74.53,76.65
37.4,288.0,186.35,101.65,74.21
37.42,243.0,186.23,56.77,73.08
37.44,213.0,186.11,26.89,70.9
37.46,269.0,185.99,83.01,67.42
37.48,246.0,185.87,60.13,62.64
37.5,247.0,185.75,61.25,61.48
37.52,257.0,185.63,71.37,59.55
37.54,267.0,185.51,81.49,56.34
37.56,224.0,185.39,38.61,54.97
37.58,248.0,185.27,62.73,52.85
37.6,225.0,185.15,39.85,50.09
37.62,251.0,185.03,65.97,47.27
37.64,224.0,184.91,39.09,45.53
37.66,210.0,184.78,25.22,45.97
37.68,221.0,184.66,36.34,43.97
37.7,221.0,184.54,36.46,39.45
37.72,239.0,184.42,54.58,38.67
37.74,208.0,184.3,23.7,35.62
37.76,224.0,184.17,39.83,32.96
37.78,239.0,184.05,54.95,33.19
37.8,200.0,183.93,16.07,34.91
37.82,221.0,183.81,37.19,32.68
37.84,206.0,183.68,22.32,33.48
37.86,234.0,183.56,50.44,33.72
37.88,211.0,183.44,27.56,32.92
37.9,209.0,183.31,25.69,33.16
37.92,210.0,183.19,26.81,31.25
37.94,214.0,183.07,30.93,30.8
37.96,206.0,182.94,23.06,29.94
37.98,229.0,182.82,46.18,30.56
38.0,234.0,182.7,51.3,29.04
38.02,205.0,182.57,22.43,30.37
38.04,197.0,182.45,14.55,32.78
38.06,225.0,182.32,42.68,30.25
38.08,203.0,182.2,20.8,30.84
38.1,187.0,182.08,4.92,29.06
38.12,236.0,181.95,54.05,29.61
38.14,201.0,181.83,19.17,29.1
38.16,221.0,181.7,39.3,28.35
38.18,207.0,181.58,25.42,26.56
38.2,214.0,181.45,32.55,25.52
38.22,213.0,181.33,31.67,24.88
38.24,222.0,181.2,40.8,24.96
38.26,188.0,181.08,6.92,24.46
38.28,178.0,180.96,-2.96,24.62
38.3,223.0,180.83,42.17,24.02
38.32,190.0,180.71,9.29,23.87
38.34,211.0,180.58,30.42,24.36
38.36,203.0,180.46,22.54,22.41
38.38,199.0,180.33,18.67,21.46
38.4,197.0,180.21,16.79,21.34
38.42,214.0,180.08,33.92,20.84
38.44,208.0,179.96,28.04,21.59
38.46,190.0,179.83,10.17,20.57
38.48,200.0,179.71,20.29,20.67
38.5,227.0,179.58,47.42,23.58
38.52,194.0,179.46,14.54,24.42
38.54,191.0,179.33,11.67,23.14
38.56,212.0,179.21,32.79,24.08
38.58,176.0,179.08,-3.08,24.11
38.6,192.0,178.96,13.04,24.73
38.62,230.0,178.83,51.17,23.73
38.64,189.0,178.71,10.29,22.86
38.66,218.0,178.58,39.42,22.33
38.68,187.0,178.46,8.54,24.02
38.7,228.0,178.33,49.67,24.85
38.72,221.0,178.21,42.79,24.89
38.74,190.0,178.08,11.92,25.14
38.76,185.0,177.96,7.04,28.74
38.78,202.0,177.83,24.17,29.03
38.8,208.0,177.71,30.29,28.05
38.82,190.0,177.58,12.42,29.05
38.84,197.0,177.46,19.54,26.7
38.86,220.0,177.34,42.66,25.09
38.88,220.0,177.21,42.79,27.83
38.9,216.0,177.09,38.91,26.41
38.92,198.0,176.96,21.04,26.76
38.94,209.0,176.84,32.16,25.35
38.96,203.0,176.71,26.29,25.65
38.98,206.0,176.59,29.41,27.41
39.0,174.0,176.47,-2.47,26.83
39.02,194.0,176.34,17.66,24.12
39.04,207.0,176.22,30.78,22.61
39.06,194.0,176.09,17.91,23.57
39.08,214.0,175.97,38.03,21.94
39.1,211.0,175.85,35.15,20.78
39.12,174.0,175.72,-1.72,22.39
39.14,200.0,175.6,24.4,22.9
39.16,199.0,175.48,23.52,24.32
39.18,195.0,175.35,19.65,24.6
39.2,210.0,175.23,34.77,25.02
39.22,187.0,175.11,11.89,27.04
39.24,192.0,174.98,17.02,27.68
39.26,219.0,174.86,44.14,26.53
39.28,220.0,174.74,45.26,25.74
39.3,187.0,174.62,12.38,26.16
39.32,209.0,174.49,34.51,26.32
39.34,207.0,174.37,32.63,26.36
39.36,184.0,174.25,9.75,25.85
39.38,207.0,174.13,32.87,24.56
39.4,195.0,174.0,21.0,22.97
39.42,197.0,173.88,23.12,22.99
39.44,208.0,173.76,34.24,23.48
39.46,175.0,173.64,1.36,23.73
39.48,198.0,173.52,24.48,22.08
39.5,194.0,173.4,20.6,20.17
39.52,199.0,173.27,25.73,21.42
39.54,191.0,173.15,17.85,21.24
39.56,177.0,173.03,3.97,20.51
39.58,197.0,172.91,24.09,20.68
39.6,212.0,172.79,39.21,19.72
39.62,189.0,172.67,16.33,19.81
39.64,216.0,172.55,43.45,20.38
39.66,191.0,172.43,18.57,20.34
39.68,171.0,172.31,-1.31,18.87
39.7,186.0,172.19,13.81,19.88
39.72,192.0,172.07,19.93,17.93
39.74,198.0,171.95,26.05,17.58
39.76,160.0,171.83,-11.83,16.57
39.78,203.0,171.71,31.29,18.28
39.8,182.0,171.59,10.41,17.19
39.82,187.0,171.48,15.52,14.76
39.84,212.0,171.36,40.64,14.66
39.86,172.0,171.24,0.76,17.1
39.88,182.0,171.12,10.88,17.78
39.9,179.0,171.0,8.0,21.99
39.92,207.0,170.88,36.12,23.47
39.94,183.0,170.77,12.23,23.66
39.96,199.0,170.65,28.35,24.14
39.98,196.0,170.53,25.47,25.67
40.0,209.0,170.42,38.58,28.53
40.02,163.0,170.3,-7.3,27.29
40.04,209.0,170.18,38.82,28.8
40.06,224.0,170.07,53.93,29.21
40.08,213.0,169.95,43.05,29.57
40.1,194.0,169.83,24.17,31.76
40.12,205.0,169.72,35.28,30.03
40.14,176.0,169.6,6.4,29.33
40.16,198.0,169.49,28.51,27.3
40.18,198.0,169.37,28.63,26.45
40.2,204.0,169.26,34.74,25.13
40.22,192.0,169.14,22.86,22.97
40.24,171.0,169.03,1.97,21.7
40.26,207.0,168.91,38.09,21.46
40.28,192.0,168.8,23.2,19.11
40.3,186.0,168.69,17.31,17.91
40.32,184.0,168.57,15.43,20.63
40.34,175.0,168.46,6.54,20.41
40.36,196.0,168.34,27.66,22.08
40.38,180.0,168.23,11.77,24.05
40.4,190.0,168.12,21.88,23.36
40.42,198.0,168.01,29.99,23.8
40.44,180.0,167.89,12.11,23.17
40.46,209.0,167.78,41.22,23.21
40.48,196.0,167.67,28.33,22.34
40.5,196.0,167.56,28.44,20.72
40.52,190.0,167.45,22.55,20.9
40.54,210.0,167.33,42.67,20.61
40.56,160.0,167.22,-7.22,21.41
40.58,214.0,167.11,46.89,21.85
40.6,168.0,167.0,1.0,21.17
40.62,168.0,166.89,1.11,21.56
40.64,176.0,166.78,9.22,20.33
40.66,172.0,166.67,5.33,20.37
40.68,190.0,166.56,23.44,21.26
40.7,191.0,166.45,24.55,21.17
40.72,201.0,166.34,34.66,21.79
40.74,193.0,166.23,26.77,21.02
40.76,203.0,166.12,36.88,22.72
40.78,206.0,166.02,39.98,23.55
40.8,184.0,165.91,18.09,25.63
40.82,184.0,165.8,18.2,26.37
40.84,188.0,165.69,22.31,29.24
40.86,189.0,165.58,23.42,28.51
40.88,201.0,165.48,35.52,27.38
40.9,190.0,165.37,24.63,27.72
40.92,184.0,165.26,18.74,26.56
40.94,178.0,165.15,12.85,26.63
40.96,196.0,165.05,30.95,26.85
40.98,218.0,164.94,53.06,28.27
41.0,184.0,164.83,19.17,28.06
41.02,193.0,164.73,28.27,27.76
41.04,199.0,164.62,34.38,27.64
41.06,177.0,164.52,12.48,26.6
41.08,186.0,164.41,21.59,26.66
41.1,202.0,164.31,37.69,26.31
41.12,205.0,164.2,40.8,24.9
41.14,182.0,164.1,17.9,24.47
41.16,194.0,163.99,30.01,23.04
41.18,186.0,163.89,22.11,22.33
41.2,180.0,163.78,16.22,21.58
41.22,163.0,163.68,-0.68,20.55
41.24,177.0,163.58,13.42,21.35
41.26,189.0,163.47,25.53,20.2
41.28,196.0,163.37,32.63,20.37
41.3,194.0,163.27,30.73,21.75
41.32,171.0,163.17,7.83,21.18
41.34,174.0,163.06,10.94,19.72
41.36,190.0,162.96,27.04,19.65
41.38,189.0,162.86,26.14,22.17
41.4,200.0,162.76,37.24,21.89
41.42,183.0,162.66,20.34,21.78
41.44,170.0,162.55,7.45,22.27
41.46,189.0,162.45,26.55,22.51
41.48,189.0,162.35,26.65,22.92
41.5,195.0,162.25,32.75,22.94
41.52,184.0,162.15,21.85,24.45
41.54,170.0,162.05,7.95,27.51
41.56,176.0,161.95,14.05,27.98
41.58,199.0,161.85,37.15,28.74
41.6,201.0,161.75,39.25,28.51
41.62,168.0,161.65,6.35,27.14
41.64,193.0,161.55,31.45,28.04
41.66,210.0,161.46,48.54,28.87
41.68,202.0,161.36,40.64,30.05
41.7,206.0,161.26,44.74,29.05
41.72,184.0,161.16,22.84,29.55
41.74,198.0,161.06,36.94,30.37
41.76,184.0,160.96,23.04,30.43
41.78,151.0,160.87,-9.87,30.82
41.8,202.0,160.77,41.23,30.29
41.82,172.0,160.67,11.33,28.76
41.84,181.0,160.58,20.42,29.88
41.86,218.0,160.48,57.52,29.85
41.88,185.0,160.38,24.62,28.55
41.9,201.0,160.29,40.71,28.47
41.92,180.0,160.19,19.81,28.02
41.94,198.0,160.1,37.9,28.97
41.96,190.0,160.0,30.0,29.96
41.98,183.0,159.91,23.09,30.61
42.0,204.0,159.81,44.19,33.27
42.02,190.0,159.72,30.28,35.55
42.04,185.0,159.62,25.38,34.42
42.06,201.0,159.53,41.47,35.12
42.08,178.0,159.43,18.57,36.17
42.1,202.0,159.34,42.66,36.24
42.12,189.0,159.25,29.75,37.96
42.14,188.0,159.15,28.85,38.55
42.16,220.0,159.06,60.94,40.21
42.18,202.0,158.97,43.03,39.82
42.2,217.0,158.87,58.13,41.62
42.22,210.0,158.78,51.22,43.46
42.24,193.0,158.69,34.31,42.72
42.26,182.0,158.6,23.4,43.68
42.28,207.0,158.51,48.49,44.3
42.3,220.0,158.41,61.59,43.81
42.32,183.0,158.32,24.68,44.66
42.34,198.0,158.23,39.77,44.55
42.36,212.0,158.14,53.86,44.34
42.38,204.0,158.05,45.95,44.21
42.4,203.0,157.96,45.04,44.33
42.42,218.0,157.87,60.13,46.86
42.44,200.0,157.78,42.22,48.25
42.46,187.0,157.69,29.31,51.04
42.48,219.0,157.6,61.4,53.75
42.5,216.0,157.51,58.49,56.19
42.52,211.0,157.42,53.58,58.77
42.54,225.0,157.33,67.67,61.17
42.56,223.0,157.24,65.76,65.68
42.58,216.0,157.15,58.85,69.21
42.6,245.0,157.06,87.94,74.68
42.62,240.0,156.98,83.02,81.18
42.64,238.0,156.89,81.11,87.77
42.66,238.0,156.8,81.2,91.75
42.68,251.0,156.71,94.29,98.38
42.7,257.0,156.62,100.38,102.4
42.72,269.0,156.54,112.46,106.13
42.74,270.0,156.45,113.55,111.83
42.76,261.0,156.36,104.64,116.27
42.78,299.0,156.28,142.72,118.42
42.8,300.0,156.19,143.81,122.67
42.82,293.0,156.1,136.9,126.76
42.84,278.0,156.02,121.98,130.74
42.86,277.0,155.93,121.07,134.37
42.88,266.0,155.85,110.15,138.4
42.9,309.0,155.76,153.24,141.96
42.92,285.0,155.67,129.33,143.43
42.94,312.0,155.59,156.41,144.77
42.96,299.0,155.5,143.5,146.95
42.98,290.0,155.42,134.58,149.51
43.0,303.0,155.34,147.66,151.98
43.02,336.0,155.25,180.75,150.63
43.04,316.0,155.17,160.83,149.96
43.06,312.0,155.08,156.92,151.5
43.08,293.0,155.0,138.0,151.51
43.1,317.0,154.91,162.09,149.67
43.12,298.0,154.83,143.17,146.52
43.14,287.0,154.75,132.25,142.21
43.16,304.0,154.66,149.34,140.53
43.18,306.0,154.58,151.42,135.28
43.2,283.0,154.5,128.5,131.05
43.22,269.0,154.42,114.58,128.07
43.24,247.0,154.33,92.67,123.52
43.26,277.0,154.25,122.75,120.03
43.28,295.0,154.17,140.83,117.15
43.3,254.0,154.09,99.91,114.33
43.32,260.0,154.01,105.99,110.2
43.34,261.0,153.93,107.07,105.77
43.36,266.0,153.84,112.16,101.65
43.38,255.0,153.76,101.24,98.09
43.4,237.0,153.68,83.32,93.83
43.42,261.0,153.6,107.4,91.25
43.44,268.0,153.52,114.48,90.42
43.46,229.0,153.44,75.56,87.54
43.48,231.0,153.36,77.64,83.62
43.5,211.0,153.28,57.72,78.68
43.52,230.0,153.2,76.8,74.81
43.54,211.0,153.12,57.88,73.78
43.56,229.0,153.04,75.96,70.44
43.58,214.0,152.96,61.04,67.31
43.6,237.0,152.88,84.12,63.21
43.62,217.0,152.8,64.2,59.44
43.64,219.0,152.73,66.27,56.18
43.66,212.0,152.65,59.35,53.02
43.68,190.0,152.57,37.43,50.84
43.7,203.0,152.49,50.51,51.57
43.72,207.0,152.41,54.59,50.9
43.74,196.0,152.34,43.66,49.97
43.76,206.0,152.26,53.74,48.56
43.78,184.0,152.18,31.82,46.49
43.8,182.0,152.1,29.9,44.58
43.82,180.0,152.03,27.97,42.17
43.84,200.0,151.95,48.05,40.58
43.86,212.0,151.87,60.13,42.03
43.88,207.0,151.8,55.2,40.74
43.9,194.0,151.72,42.28,40.53
43.92,212.0,151.64,60.36,41.45
43.94,188.0,151.57,36.43,38.97
43.96,178.0,151.49,26.51,36.73
43.98,184.0,151.42,32.58,37.4
44.0,167.0,151.34,15.66,36.11
44.02,196.0,151.27,44.73,36.65
44.04,176.0,151.19,24.81,35.08
44.06,207.0,151.12,55.88,34.67
44.08,187.0,151.04,35.96,32.03
44.1,162.0,150.97,11.03,31.32
44.12,193.0,150.89,42.11,32.68
44.14,185.0,150.82,34.18,33.23
44.16,161.0,150.75,10.25,32.74
44.18,194.0,150.67,43.33,34.14
44.2,210.0,150.6,59.4,35.89
44.22,172.0,150.53,21.47,36.95
44.24,196.0,150.45,45.55,35.86
44.26,180.0,150.38,29.62,35.88
44.28,195.0,150.31,44.69,36.82
44.3,169.0,150.24,18.76,34.28
44.32,199.0,150.16,48.84,35.99
44.34,190.0,150.09,39.91,36.44
44.36,172.0,150.02,21.98,36.19
44.38,186.0,149.95,36.05,35.8
44.4,198.0,149.88,48.12,36.29
44.42,196.0,149.8,46.2,33.75
44.44,171.0,149.73,21.27,32.83
44.46,165.0,149.66,15.34,34.07
44.48,205.0,149.59,55.41,32.82
44.5,166.0,149.52,16.48,33.84
44.52,172.0,149.45,22.55,33.73
44.54,213.0,149.38,63.62,35.56
44.56,181.0,149.31,31.69,34.89
44.58,186.0,149.24,36.76,35.73
44.6,165.0,149.17,15.83,36.62
44.62,193.0,149.1,43.9,36.16
44.64,171.0,149.03,21.97,35.6
44.66,191.0,148.96,42.04,37.09
44.68,198.0,148.89,49.11,38.4
44.7,188.0,148.82,39.18,35.89
44.72,196.0,148.76,47.24,33.43
44.74,184.0,148.69,35.31,34.56
44.76,188.0,148.62,39.38,33.16
44.78,169.0,148.55,20.45,32.09
44.8,179.0,148.48,30.52,33.44
44.82,182.0,148.42,33.58,33.28
44.84,174.0,148.35,25.65,33.57
44.86,173.0,148.28,24.72,30.91
44.88,185.0,148.21,36.79,30.76
44.9,163.0,148.15,14.85,29.45
44.92,162.0,148.08,13.92,28.51
44.94,201.0,148.01,52.99,28.86
44.96,195.0,147.95,47.05,28.1
44.98,178.0,147.88,30.12,30.16
45.0,181.0,147.82,33.18,30.53
45.02,174.0,147.75,26.25,32.24
45.04,176.0,147.68,28.32,31.82
45.06,172.0,147.62,24.38,32.56
45.08,166.0,147.55,18.45,32.99
45.1,191.0,147.49,43.51,31.2
45.12,178.0,147.42,30.58,30.9
45.14,174.0,147.36,26.64,32.77
45.16,188.0,147.3,40.7,31.62
45.18,181.0,147.23,33.77,30.03
45.2,198.0,147.17,50.83,31.84
45.22,165.0,147.1,17.9,33.07
45.24,183.0,147.04,35.96,32.28
45.26,166.0,146.98,19.02,31.85
45.28,180.0,146.91,33.09,30.97
45.3,167.0,146.85,20.15,30.32
45.32,173.0,146.79,26.21,29.11
45.34,206.0,146.72,59.28,30.34
45.36,185.0,146.66,38.34,31.28
45.38,158.0,146.6,11.4,31.98
45.4,180.0,146.54,33.46,32.01
45.42,180.0,146.48,33.52,31.4
45.44,160.0,146.41,13.59,30.53
45.46,165.0,146.35,18.65,31.61
45.48,184.0,146.29,37.71,30.06
45.5,185.0,146.23,38.77,31.62
45.52,189.0,146.17,42.83,30.82
45.54,191.0,146.11,44.89,31.05
45.56,201.0,146.05,54.95,29.3
45.58,149.0,145.99,3.01,27.53
45.6,171.0,145.93,25.07,28.91
45.62,159.0,145.87,13.13,28.86
45.64,158.0,145.81,12.19,28.11
45.66,181.0,145.75,35.25,29.69
45.68,184.0,145.69,38.31,30.21
45.7,175.0,145.63,29.37,27.94
45.72,190.0,145.57,44.43,26.02
45.74,154.0,145.51,8.49,25.08
45.76,170.0,145.46,24.54,24.16
45.78,162.0,145.4,16.6,25.0
45.8,179.0,145.34,33.66,26.98
45.82,186.0,145.28,40.72,29.04
45.84,174.0,145.22,28.78,29.12
45.86,187.0,145.17,41.83,29.82
45.88,172.0,145.11,26.89,30.37
45.9,147.0,145.05,1.95,27.49
45.92,158.0,145.0,13.0,27.77
45.94,181.0,144.94,36.06,28.34
45.96,178.0,144.88,33.12,29.55
45.98,183.0,144.83,38.17,31.39
46.0,193.0,144.77,48.23,30.24
46.02,177.0,144.72,32.28,29.76
46.04,165.0,144.66,20.34,29.06
46.06,183.0,144.6,38.4,29.83
46.08,165.0,144.55,20.45,29.99
46.1,169.0,144.49,24.51,29.9
46.12,151.0,144.44,6.56,32.33
46.14,202.0,144.39,57.61,32.58
46.16,177.0,144.33,32.67,29.86
46.18,180.0,144.28,35.72,27.22
46.2,161.0,144.22,16.78,27.49
46.22,165.0,144.17,20.83,26.44
46.24,177.0,144.12,32.88,24.84
46.26,179.0,144.06,34.94,26.08
46.28,172.0,144.01,27.99,26.57
46.3,160.0,143.96,16.04,26.24
46.32,179.0,143.9,35.1,25.72
46.34,175.0,143.85,31.15,25.46
46.36,143.0,143.8,-0.8,25.65
46.38,160.0,143.75,16.25,24.91
46.4,178.0,143.7,34.3,27.79
46.42,183.0,143.65,39.35,28.83
46.44,155.0,143.59,11.41,29.37
46.46,173.0,143.54,29.46,28.76
46.48,195.0,143.49,51.51,28.0
46.5,168.0,143.44,24.56,28.36
46.52,168.0,143.39,24.61,29.6
46.54,168.0,143.34,24.66,29.77
46.56,194.0,143.29,50.71,27.54
46.58,178.0,143.24,34.76,27.51
46.6,174.0,143.19,30.81,28.63
46.62,165.0,143.14,21.86,26.63
46.64,152.0,143.09,8.91,25.87
46.66,158.0,143.04,14.96,25.1
46.68,170.0,143.0,27.0,25.3
46.7,170.0,142.95,27.05,25.1
46.72,174.0,142.9,31.1,25.65
46.74,168.0,142.85,25.15,27.49
46.76,155.0,142.8,12.2,28.77
46.78,164.0,142.76,21.24,31.12
46.8,194.0,142.71,51.29,31.99
46.82,184.0,142.66,41.34,33.36
46.84,165.0,142.61,22.39,34.1
46.86,182.0,142.57,39.43,34.34
46.88,172.0,142.52,29.48,35.49
46.9,193.0,142.47,50.53,34.96
46.92,193.0,142.43,50.57,34.15
46.94,174.0,142.38,31.62,33.78
46.96,176.0,142.34,33.66,32.55
46.98,183.0,142.29,40.71,32.06
47.0,169.0,142.25,26.75,31.14
47.02,129.0,142.2,-13.2,28.71
47.04,155.0,142.16,12.84,26.75
47.06,173.0,142.11,30.89,26.92
47.08,174.0,142.07,31.93,24.35
47.1,183.0,142.02,40.98,22.29
47.12,158.0,141.98,16.02,22.51
47.14,163.0,141.94,21.06,21.57
47.16,164.0,141.89,22.11,23.1
47.18,162.0,141.85,20.15,24.83
47.2,174.0,141.81,32.19,25.03
47.22,165.0,141.77,23.23,26.82
47.24,163.0,141.72,21.28,28.69
47.26,169.0,141.68,27.32,30.5
47.28,163.0,141.64,21.36,29.78
47.3,156.0,141.6,14.4,29.27
47.32,202.0,141.56,60.44,29.84
47.34,185.0,141.51,43.49,29.75
47.36,167.0,141.47,25.53,29.95
47.38,179.0,141.43,37.57,28.55
47.4,164.0,141.39,22.61,28.22
47.42,168.0,141.35,26.65,28.17
47.44,182.0,141.31,40.69,28.64
47.46,161.0,141.27,19.73,28.27
47.48,169.0,141.23,27.77,29.46
47.5,157.0,141.19,15.81,29.83
47.52,164.0,141.15,22.85,29.35
47.54,163.0,141.11,21.89,28.6
47.56,158.0,141.07,16.93,27.04
47.58,170.0,141.03,28.97,28.66
47.6,181.0,141.0,40.0,29.71
47.62,190.0,140.96,49.04,29.55
47.64,180.0,140.92,39.08,30.98
47.66,177.0,140.88,36.12,30.89
47.68,163.0,140.84,22.16,31.93
47.7,190.0,140.81,49.19,32.22
47.72,155.0,140.77,14.23,31.03
47.74,158.0,140.73,17.27,31.63
47.76,174.0,140.69,33.31,30.6
47.78,171.0,140.66,30.34,30.2
47.8,173.0,140.62,32.38,28.19
47.82,169.0,140.58,28.42,27.53
47.84,170.0,140.55,29.45,26.78
47.86,175.0,140.51,34.49,27.91
47.88,161.0,140.48,20.52,28.29
47.9,170.0,140.44,29.56,29.42
47.92,150.0,140.4,9.6,28.94
47.94,176.0,140.37,35.63,29.02
47.96,185.0,140.33,44.67,31.18
47.98,163.0,140.3,22.7,31.76
48.0,175.0,140.26,34.74,32.16
48.02,168.0,140.23,27.77,32.66
48.04,195.0,140.2,54.8,33.8
48.06,167.0,140.16,26.84,34.78
48.08,177.0,140.13,36.87,35.8
48.1,156.0,140.09,15.91,35.9
48.12,182.0,140.06,41.94,36.43
48.14,166.0,140.03,25.97,36.49
48.16,197.0,139.99,57.01,35.85
48.18,180.0,139.96,40.04,34.31
48.2,177.0,139.93,37.07,32.78
48.22,169.0,139.89,29.11,33.24
48.24,167.0,139.86,27.14,31.66
48.26,179.0,139.83,39.17,30.84
48.28,165.0,139.8,25.2,28.87
48.3,167.0,139.77,27.23,28.81
48.32,158.0,139.73,18.27,27.77
48.34,170.0,139.7,30.3,27.72
48.36,167.0,139.67,27.33,24.82
48.38,155.0,139.64,15.36,24.23
48.4,170.0,139.61,30.39,22.84
48.42,157.0,139.58,17.42,24.02
48.44,178.0,139.55,38.45,25.49
48.46,156.0,139.52,16.48,26.37
48.48,165.0,139.49,25.51,26.02
48.5,161.0,139.46,21.54,28.07
48.52,172.0,139.43,32.57,29.02
48.54,173.0,139.4,33.6,29.93
48.56,166.0,139.37,26.63,30.89
48.58,158.0,139.34,18.66,29.54
48.6,184.0,139.31,44.69,30.19
48.62,176.0,139.28,36.72,30.11
48.64,178.0,139.25,38.75,29.51
48.66,174.0,139.22,34.78,30.94
48.68,159.0,139.19,19.81,31.47
48.7,168.0,139.16,28.84,31.62
48.72,186.0,139.13,46.87,30.2
48.74,143.0,139.11,3.89,29.41
48.76,171.0,139.08,31.92,27.3
48.78,159.0,139.05,19.95,25.76
48.8,156.0,139.02,16.98,26.17
48.82,185.0,138.99,46.01,26.06
48.84,166.0,138.97,27.03,26.3
48.86,177.0,138.94,38.06,26.57
48.88,174.0,138.91,35.09,26.91
48.9,151.0,138.89,12.11,27.53
48.92,143.0,138.86,4.14,29.13
48.94,165.0,138.83,26.17,28.85
48.96,169.0,138.81,30.19,29.42
48.98,165.0,138.78,26.22,32.0
49.0,184.0,138.75,45.25,29.23
49.02,193.0,138.73,54.27,28.61
49.04,168.0,138.7,29.3,28.84
49.06,170.0,138.68,31.32,28.3
49.08,150.0,138.65,11.35,29.74
49.1,174.0,138.62,35.38,29.48
49.12,171.0,138.6,32.4,30.59
49.14,174.0,138.57,35.43,33.52
49.16,156.0,138.55,17.45,33.52
49.18,170.0,138.52,31.48,32.12
49.2,163.0,138.5,24.5,32.08
49.22,147.0,138.48,8.52,31.85
49.24,193.0,138.45,54.55,32.46
49.26,191.0,138.43,52.57,34.18
49.28,168.0,138.4,29.6,36.19
49.3,174.0,138.38,35.62,35.07
49.32,172.0,138.35,33.65,34.57
49.34,188.0,138.33,49.67,32.89
49.36,183.0,138.31,44.69,33.58
49.38,151.0,138.28,12.72,35.17
49.4,170.0,138.26,31.74,35.4
49.42,177.0,138.24,38.76,34.0
49.44,171.0,138.21,32.79,32.5
49.46,177.0,138.19,38.81,31.17
49.48,155.0,138.17,16.83,28.56
49.5,149.0,138.15,10.85,27.98
49.52,153.0,138.12,14.88,27.38
49.54,184.0,138.1,45.9,25.83
49.56,181.0,138.08,42.92,25.61
49.58,181.0,138.06,42.94,24.41
49.6,163.0,138.04,24.96,24.6
49.62,137.0,138.02,-1.02,24.88
49.64,156.0,137.99,18.01,24.1
49.66,159.0,137.97,21.03,23.51
49.68,171.0,137.95,33.05,24.61
49.7,159.0,137.93,21.07,24.54
49.72,154.0,137.91,16.09,25.38
49.74,163.0,137.89,25.11,25.6
49.76,171.0,137.87,33.13,24.82
49.78,170.0,137.85,32.15,25.11
49.8,154.0,137.83,16.17,27.55
49.82,169.0,137.81,31.19,27.69
49.84,169.0,137.79,31.21,29.68
49.86,173.0,137.77,35.23,29.88
49.88,160.0,137.75,22.25,29.4
49.9,175.0,137.73,37.27,29.29
49.92,158.0,137.71,20.29,28.62
49.94,176.0,137.69,38.31,29.0
49.96,175.0,137.67,37.33,30.02
49.98,166.0,137.65,28.35,29.08
50.0,173.0,137.63,35.37,29.17
50.02,152.0,137.61,14.39,30.58
50.04,141.0,137.59,3.41,29.75
50.06,182.0,137.57,44.43,28.95
50.08,161.0,137.55,23.45,28.39
50.1,178.0,137.54,40.46,28.26
50.12,161.0,137.52,23.48,27.99
50.14,165.0,137.5,27.5,25.97
50.16,176.0,137.48,38.52,25.34
50.18,174.0,137.46,36.54,24.07
50.2,149.0,137.44,11.56,23.68
50.22,170.0,137.43,32.57,23.38
50.24,158.0,137.41,20.59,23.11
50.26,133.0,137.39,-4.39,23.39
50.28,171.0,137.37,33.63,21.98
50.3,152.0,137.36,14.64,18.0
50.32,158.0,137.34,20.66,18.82
50.34,148.0,137.32,10.68,18.44
50.36,152.0,137.31,14.69,20.13
50.38,168.0,137.29,30.71,20.12
50.4,163.0,137.27,25.73,20.86
50.42,157.0,137.26,19.74,23.64
50.44,161.0,137.24,23.76,26.84
50.46,164.0,137.22,26.78,27.68
50.48,158.0,137.21,20.79,29.26
50.5,158.0,137.19,20.81,30.65
50.52,166.0,137.17,28.83,29.75
50.54,200.0,137.16,62.84,32.13
50.56,170.0,137.14,32.86,32.65
50.58,176.0,137.13,38.87,33.69
50.6,164.0,137.11,26.89,35.03
50.62,181.0,137.1,43.9,35.62
50.64,179.0,137.08,41.92,35.86
50.66,161.0,137.06,23.94,36.07
50.68,154.0,137.05,16.95,35.08
50.7,166.0,137.03,28.97,34.63
50.72,176.0,137.02,38.98,34.34
50.74,171.0,137.0,34.0,33.53
50.76,187.0,136.99,50.01,31.52
50.78,166.0,136.97,29.03,31.07
50.8,178.0,136.96,41.04,31.02
50.82,174.0,136.95,37.05,31.14
50.84,151.0,136.93,14.07,31.06
50.86,154.0,136.92,17.08,28.65
50.88,170.0,136.9,33.1,29.73
50.9,164.0,136.89,27.11,30.35
50.92,175.0,136.87,38.13,30.62
50.94,167.0,136.86,30.14,29.87
50.96,163.0,136.85,26.15,27.81
50.98,159.0,136.83,22.17,27.47
51.0,173.0,136.82,36.18,26.83
51.02,149.0,136.81,12.19,26.54
51.04,180.0,136.79,43.21,25.71
51.06,153.0,136.78,16.22,25.08
51.08,160.0,136.77,23.23,24.37
51.1,191.0,136.75,54.25,22.86
51.12,154.0,136.74,17.26,23.02
51.14,161.0,136.73,24.27,24.26
51.16,145.0,136.71,8.29,23.38
51.18,143.0,136.7,6.3,24.27
51.2,171.0,136.69,34.31,25.4
51.22,154.0,136.67,17.33,26.76
51.24,153.0,136.66,16.34,26.01
51.26,168.0,136.65,31.35,27.86
51.28,162.0,136.64,25.36,29.62
51.3,177.0,136.62,40.38,31.38
51.32,187.0,136.61,50.39,31.79
51.34,186.0,136.6,49.4,32.81
51.36,160.0,136.59,23.41,34.38
51.38,154.0,136.57,17.43,34.92
51.4,186.0,136.56,49.44,35.7
51.42,176.0,136.55,39.45,37.53
51.44,169.0,136.54,32.46,37.88
51.46,161.0,136.53,24.47,38.16
51.48,195.0,136.51,58.49,36.99
51.5,173.0,136.5,36.5,35.31
51.52,145.0,136.49,8.51,32.9
51.54,172.0,136.48,35.52,31.78
51.56,169.0,136.47,32.53,30.72
51.58,161.0,136.46,24.54,31.02
51.6,190.0,136.44,53.56,31.79
51.62,179.0,136.43,42.57,29.98
51.64,183.0,136.42,46.58,29.76
51.66,141.0,136.41,4.59,29.39
51.68,143.0,136.4,6.6,29.49
51.7,161.0,136.39,24.61,30.1
51.72,163.0,136.38,26.62,29.19
51.74,162.0,136.37,25.63,30.54
51.76,188.0,136.35,51.65,30.75
51.78,161.0,136.34,24.66,29.03
51.8,174.0,136.33,37.67,29.09
51.82,167.0,136.32,30.68,29.75
51.84,164.0,136.31,27.69,30.36
51.86,185.0,136.3,48.7,32.74
51.88,147.0,136.29,10.71,32.53
51.9,180.0,136.28,43.72,33.82
51.92,170.0,136.27,33.73,32.31
51.94,154.0,136.26,17.74,30.71
51.96,167.0,136.25,30.75,30.44
51.98,168.0,136.24,31.76,31.03
52.0,173.0,136.23,36.77,28.77
52.02,177.0,136.22,40.78,30.08
52.04,174.0,136.21,37.79,30.63
52.06,162.0,136.2,25.8,31.45
52.08,149.0,136.19,12.81,31.44
52.1,144.0,136.18,7.82,31.9
52.12,182.0,136.17,45.83,33.67
52.14,172.0,136.16,35.84,32.93
52.16,179.0,136.15,42.85,33.98
52.18,177.0,136.14,40.86,32.95
52.2,169.0,136.13,32.87,31.97
52.22,151.0,136.12,14.88,31.62
52.24,197.0,136.11,60.89,31.54
52.26,173.0,136.1,36.9,32.55
52.28,160.0,136.09,23.91,33.67
52.3,166.0,136.08,29.92,36.02
52.32,174.0,136.07,37.93,37.17
52.34,162.0,136.06,25.94,36.09
52.36,161.0,136.05,24.95,34.1
52.38,161.0,136.04,24.96,34.1
52.4,160.0,136.03,23.97,33.11
52.42,190.0,136.02,53.98,32.39
52.44,177.0,136.01,40.99,32.37
52.46,180.0,136.0,44.0,31.53
52.48,180.0,135.99,44.01,31.29
52.5,169.0,135.98,33.02,33.69
52.52,174.0,135.97,38.03,32.11
52.54,150.0,135.96,14.04,31.48
52.56,150.0,135.95,14.05,31.88
52.58,164.0,135.95,28.05,31.84
52.6,163.0,135.94,27.06,33.11
52.62,163.0,135.93,27.07,32.97
52.64,172.0,135.92,36.08,31.53
52.66,180.0,135.91,44.09,29.72
52.68,173.0,135.9,37.1,31.78
52.7,184.0,135.89,48.11,32.67
52.72,152.0,135.88,16.12,34.91
52.74,149.0,135.87,13.13,34.76
52.76,200.0,135.86,64.14,35.64
52.78,179.0,135.85,43.15,37.88
52.8,167.0,135.85,31.15,38.28
52.82,185.0,135.84,49.16,36.85
52.84,150.0,135.83,14.17,36.4
52.86,164.0,135.82,28.18,36.93
52.88,184.0,135.81,48.19,36.37
52.9,192.0,135.8,56.2,35.09
52.92,162.0,135.79,26.21,35.74
52.94,172.0,135.78,36.22,38.41
52.96,153.0,135.78,17.22,41.12
52.98,199.0,135.77,63.23,41.29
53.0,181.0,135.76,45.24,40.86
53.02,165.0,135.75,29.25,43.77
53.04,166.0,135.74,30.26,46.56
53.06,191.0,135.73,55.27,45.95
53.08,190.0,135.72,54.28,49.03
53.1,172.0,135.71,36.29,49.74
53.12,188.0,135.71,52.29,48.99
53.14,217.0,135.7,81.3,50.76
53.16,207.0,135.69,71.31,53.11
53.18,171.0,135.68,35.32,53.01
53.2,181.0,135.67,45.33,53.99
53.22,190.0,135.66,54.34,51.19
53.24,190.0,135.65,54.35,53.94
53.26,187.0,135.65,51.35,55.22
53.28,171.0,135.64,35.36,55.36
53.3,218.0,135.63,82.37,56.25
53.32,180.0,135.62,44.38,59.51
53.34,177.0,135.61,41.39,60.22
53.36,209.0,135.6,73.4,59.47
53.38,189.0,135.59,53.41,60.68
53.4,191.0,135.59,55.41,61.28
53.42,203.0,135.58,67.42,61.34
53.44,192.0,135.57,56.43,60.82
53.46,236.0,135.56,100.44,59.57
53.48,195.0,135.55,59.45,59.24
53.5,205.0,135.54,69.46,58.29
53.52,206.0,135.54,70.46,57.97
53.54,185.0,135.53,49.47,57.14
53.56,156.0,135.52,20.48,58.77
53.58,188.0,135.51,52.49,57.12
53.6,188.0,135.5,52.5,55.36
53.62,159.0,135.49,23.51,55.45
53.64,197.0,135.49,61.51,54.15
53.66,209.0,135.48,73.52,52.49
53.68,184.0,135.47,48.53,52.2
53.7,200.0,135.46,64.54,52.11
53.72,193.0,135.45,57.55,52.23
53.74,205.0,135.44,69.56,51.85
53.76,192.0,135.43,56.57,51.39
53.78,175.0,135.43,39.57,52.28
53.8,175.0,135.42,39.58,51.5
53.82,190.0,135.41,54.59,48.65
53.84,181.0,135.4,45.6,46.4
53.86,178.0,135.39,42.61,46.28
53.88,179.0,135.38,43.62,41.68
53.9,183.0,135.38,47.62,40.86
53.92,170.0,135.37,34.63,39.9
53.94,147.0,135.36,11.64,37.15
53.96,191.0,135.35,55.65,37.74
53.98,168.0,135.34,32.66,37.53
54.0,182.0,135.33,46.67,37.1
54.02,166.0,135.33,30.67,36.71
54.04,173.0,135.32,37.68,35.88
54.06,170.0,135.31,34.69,35.15
54.08,187.0,135.3,51.7,36.73
54.1,149.0,135.29,13.71,35.84
54.12,186.0,135.28,50.72,34.27
54.14,157.0,135.28,21.72,34.33
54.16,175.0,135.27,39.73,35.0
54.18,188.0,135.26,52.74,34.1
54.2,151.0,135.25,15.75,32.59
54.22,156.0,135.24,20.76,31.85
54.24,178.0,135.23,42.77,32.0
54.26,175.0,135.23,39.77,32.95
54.28,169.0,135.22,33.78,32.94
54.3,166.0,135.21,30.79,30.97
54.32,139.0,135.2,3.8,30.16
54.34,170.0,135.19,34.81,30.84
54.36,185.0,135.18,49.82,29.57
54.38,164.0,135.17,28.83,31.04
54.4,159.0,135.17,23.83,29.84
54.42,174.0,135.16,38.84,29.5
54.44,155.0,135.15,19.85,30.8
54.46,187.0,135.14,51.86,30.61
54.48,154.0,135.13,18.87,29.46
54.5,151.0,135.12,15.88,29.14
54.52,146.0,135.12,10.88,27.6
54.54,186.0,135.11,50.89,28.26
54.56,170.0,135.1,34.9,29.06
54.58,168.0,135.09,32.91,26.7
54.6,162.0,135.08,26.92,25.84
54.62,150.0,135.07,14.93,26.33
54.64,164.0,135.06,28.94,27.33
54.66,168.0,135.06,32.94,26.96
54.68,160.0,135.05,24.95,27.56
54.7,145.0,135.04,9.96,26.75
54.72,156.0,135.03,20.97,28.74
54.74,164.0,135.02,28.98,28.27
54.76,192.0,135.01,56.99,29.17
54.78,157.0,135.0,22.0,26.28
54.8,149.0,135.0,14.0,27.33
54.82,168.0,134.99,33.01,27.71
54.84,173.0,134.98,38.02,29.01
54.86,175.0,134.97,40.03,28.78
54.88,149.0,134.96,14.04,27.96
54.9,163.0,134.95,28.05,28.43
54.92,163.0,134.94,28.06,29.94
54.94,169.0,134.94,34.06,30.71
54.96,158.0,134.93,23.07,29.94
54.98,169.0,134.92,34.08,30.39
55.0,130.0,134.91,-4.91,29.5
55.02,186.0,134.9,51.1,31.23
55.04,167.0,134.89,32.11,30.91
55.06,170.0,134.88,35.12,28.45
55.08,155.0,134.87,20.13,29.16
55.1,176.0,134.87,41.13,27.6
55.12,176.0,134.86,41.14,28.3
55.14,169.0,134.85,34.15,27.3
55.16,156.0,134.84,21.16,27.27
55.18,157.0,134.83,22.17,26.99
55.2,161.0,134.82,26.18,27.64
55.22,141.0,134.81,6.19,26.88
55.24,165.0,134.8,30.2,28.55
55.26,154.0,134.79,19.21,25.89
55.28,154.0,134.79,19.21,26.0
55.3,179.0,134.78,44.22,26.65
55.32,143.0,134.77,8.23,27.41
55.34,190.0,134.76,55.24,27.53
55.36,165.0,134.75,30.25,30.08
55.38,168.0,134.74,33.26,31.15
55.4,164.0,134.73,29.27,30.77
55.42,169.0,134.72,34.28,33.11
55.44,161.0,134.71,26.29,33.92
55.46,175.0,134.7,40.3,33.51
55.48,144.0,134.7,9.3,32.61
55.5,175.0,134.69,40.31,32.22
55.52,185.0,134.68,50.32,31.87
55.54,166.0,134.67,31.33,31.76
55.56,170.0,134.66,35.34,32.53
55.58,166.0,134.65,31.35,30.63
55.6,143.0,134.64,8.36,32.63
55.62,169.0,134.63,34.37,32.91
55.64,197.0,134.62,62.38,33.54
55.66,140.0,134.61,5.39,31.57
55.68,157.0,134.6,22.4,31.63
55.7,181.0,134.59,46.41,32.69
55.72,167.0,134.58,32.42,34.05
55.74,181.0,134.57,46.43,32.5
55.76,170.0,134.56,35.44,32.93
55.78,160.0,134.56,25.44,34.26
55.8,169.0,134.55,34.45,34.65
55.82,177.0,134.54,42.46,36.15
55.84,159.0,134.53,24.47,38.67
55.86,164.0,134.52,29.48,35.88
55.88,159.0,134.51,24.49,37.13
55.9,203.0,134.5,68.5,39.64
55.92,184.0,134.49,49.51,38.56
55.94,159.0,134.48,24.52,38.3
55.96,165.0,134.47,30.53,39.27
55.98,180.0,134.46,45.54,39.62
56.0,178.0,134.45,43.55,40.6
56.02,181.0,134.44,46.56,43.58
56.04,185.0,134.43,50.57,44.09
56.06,173.0,134.42,38.58,43.35
56.08,147.0,134.41,12.59,44.66
56.1,208.0,134.4,73.6,43.81
56.12,167.0,134.39,32.61,42.69
56.14,179.0,134.38,44.62,41.55
56.16,183.0,134.37,48.63,43.32
56.18,180.0,134.36,45.64,43.83
56.2,185.0,134.35,50.65,43.4
56.22,185.0,134.34,50.66,44.44
56.24,194.0,134.33,59.67,44.0
56.26,148.0,134.32,13.68,46.15
56.28,168.0,134.31,33.69,47.49
56.3,196.0,134.29,61.71,49.97
56.32,172.0,134.28,37.72,52.36
56.34,188.0,134.27,53.73,52.13
56.36,197.0,134.26,62.74,56.05
56.38,192.0,134.25,57.75,59.14
56.4,194.0,134.24,59.76,61.08
56.42,210.0,134.23,75.77,63.97
56.44,208.0,134.22,73.78,67.65
56.46,188.0,134.21,53.79,71.56
56.48,234.0,134.2,99.8,76.53
56.5,199.0,134.19,64.81,79.83
56.52,222.0,134.18,87.82,81.93
56.54,218.0,134.16,83.84,85.01
56.56,214.0,134.15,79.85,89.76
56.58,231.0,134.14,96.86,92.11
56.6,232.0,134.13,97.87,93.9
56.62,212.0,134.12,77.88,95.65
56.64,246.0,134.11,111.89,98.81
56.66,245.0,134.1,110.9,100.98
56.68,236.0,134.09,101.91,104.67
56.7,242.0,134.07,107.93,106.57
56.72,227.0,134.06,92.94,108.74
56.74,272.0,134.05,137.95,113.97
56.76,249.0,134.04,114.96,115.3
56.78,242.0,134.03,107.97,119.26
56.8,236.0,134.02,101.98,121.83
56.82,245.0,134.0,111.0,122.14
56.84,266.0,133.99,132.01,124.15
56.86,281.0,133.98,147.02,127.37
56.88,254.0,133.97,120.03,126.81
56.9,268.0,133.96,134.04,127.89
56.92,257.0,133.95,123.05,128.32
56.94,287.0,133.93,153.07,128.25
56.96,259.0,133.92,125.08,128.17
56.98,246.0,133.91,112.09,126.98
57.0,270.0,133.9,136.1,124.76
57.02,239.0,133.88,105.12,121.11
57.04,245.0,133.87,111.13,117.64
57.06,269.0,133.86,135.14,111.44
57.08,251.0,133.85,117.15,106.08
57.1,218.0,133.83,84.17,101.11
57.12,240.0,133.82,106.18,97.98
57.14,232.0,133.81,98.19,94.65
57.16,232.0,133.8,98.2,91.0
57.18,217.0,133.78,83.22,88.7
57.2,203.0,133.77,69.23,85.61
57.22,178.0,133.76,44.24,83.41
57.24,223.0,133.75,89.25,78.87
57.26,221.0,133.73,87.27,78.47
57.28,199.0,133.72,65.28,75.5
57.3,225.0,133.71,91.29,74.99
57.32,211.0,133.69,77.31,73.97
57.34,223.0,133.68,89.32,73.36
57.36,214.0,133.67,80.33,70.28
57.38,190.0,133.65,56.35,69.29
57.4,207.0,133.64,73.36,66.69
57.42,170.0,133.63,36.37,64.46
57.44,218.0,133.61,84.39,63.21
57.46,186.0,133.6,52.4,60.12
57.48,216.0,133.59,82.41,56.35
57.5,178.0,133.57,44.43,54.85
57.52,192.0,133.56,58.44,52.33
57.54,152.0,133.55,18.45,48.3
57.56,186.0,133.53,52.47,47.44
57.58,171.0,133.52,37.48,45.64
57.6,179.0,133.51,45.49,44.67
57.62,165.0,133.49,31.51,42.99
57.64,189.0,133.48,55.52,40.84
57.66,194.0,133.46,60.54,40.14
57.68,168.0,133.45,34.55,37.24
57.7,183.0,133.44,49.56,36.22
57.72,159.0,133.42,25.58,35.56
57.74,156.0,133.41,22.59,37.35
57.76,173.0,133.39,39.61,36.96
57.78,180.0,133.38,46.62,38.13
57.8,156.0,133.37,22.63,36.42
57.82,160.0,133.35,26.65,36.08
57.84,164.0,133.34,30.66,34.11
57.86,178.0,133.32,44.68,34.12
57.88,169.0,133.31,35.69,32.31
57.9,166.0,133.29,32.71,32.66
57.92,166.0,133.28,32.72,33.79
57.94,191.0,133.27,57.73,33.11
57.96,165.0,133.25,31.75,34.09
57.98,161.0,133.24,27.76,33.27
58.0,165.0,133.22,31.78,32.71
58.02,154.0,133.21,20.79,33.19
58.04,156.0,133.19,22.81,32.59
58.06,163.0,133.18,29.82,31.57
58.08,179.0,133.16,45.84,32.19
58.1,156.0,133.15,22.85,30.69
58.12,171.0,133.13,37.87,31.57
58.14,162.0,133.12,28.88,29.8
58.16,161.0,133.1,27.9,29.91
58.18,170.0,133.09,36.91,28.37
58.2,161.0,133.07,27.93,29.92
58.22,168.0,133.06,34.94,29.14
58.24,156.0,133.04,22.96,29.5
58.26,150.0,133.03,16.97,28.15
58.28,179.0,133.01,45.99,25.54
58.3,166.0,133.0,33.0,24.64
58.32,134.0,132.98,1.02,22.9
58.34,166.0,132.97,33.03,23.38
58.36,139.0,132.95,6.05,23.36
58.38,175.0,132.94,42.06,22.11
58.4,141.0,132.92,8.08,22.01
58.42,166.0,132.9,33.1,21.16
58.44,144.0,132.89,11.11,22.29
58.46,160.0,132.87,27.13,21.5
58.48,132.0,132.86,-0.86,22.52
58.5,162.0,132.84,29.16,22.76
58.52,176.0,132.83,43.17,22.53
58.54,149.0,132.81,16.19,24.06
58.56,170.0,132.8,37.2,24.82
58.58,155.0,132.78,22.22,25.46
58.6,139.0,132.76,6.24,28.06
58.62,176.0,132.75,43.25,27.42
58.64,154.0,132.73,21.27,28.8
58.66,168.0,132.72,35.28,28.4
58.68,147.0,132.7,14.3,28.32
58.7,174.0,132.68,41.32,28.17
58.72,157.0,132.67,24.33,28.02
58.74,160.0,132.65,27.35,25.22
58.76,161.0,132.64,28.36,25.29
58.78,166.0,132.62,33.38,24.26
58.8,177.0,132.6,44.4,23.36
58.82,145.0,132.59,12.41,24.19
58.84,134.0,132.57,1.43,23.92
58.86,153.0,132.55,20.45,21.79
58.88,154.0,132.54,21.46,21.63
58.9,147.0,132.52,14.48,20.79
58.92,165.0,132.51,32.49,21.73
58.94,142.0,132.49,9.51,20.3
58.96,152.0,132.47,19.53,21.71
58.98,165.0,132.46,32.54,21.53
59.0,141.0,132.44,8.56,21.51
59.02,179.0,132.42,46.58,20.7
59.04,156.0,132.41,23.59,22.25
59.06,147.0,132.39,14.61,24.42
59.08,149.0,132.37,16.63,24.83
59.1,159.0,132.36,26.64,24.24
59.12,166.0,132.34,33.66,23.86
59.14,161.0,132.32,28.68,24.19
59.16,146.0,132.31,13.69,25.45
59.18,164.0,132.29,31.71,27.23
59.2,145.0,132.27,12.73,26.17
59.22,156.0,132.26,23.74,26.95
59.24,158.0,132.24,25.76,27.11
59.26,179.0,132.22,46.78,26.66
59.28,152.0,132.21,19.79,28.88
59.3,159.0,132.19,26.81,28.69
59.32,160.0,132.17,27.83,27.56
59.34,161.0,132.16,28.84,26.74
59.36,176.0,132.14,43.86,27.1
59.38,170.0,132.12,37.88,27.26
59.4,144.0,132.1,11.9,26.53
59.42,148.0,132.09,15.91,27.08
59.44,171.0,132.07,38.93,27.97
59.46,146.0,132.05,13.95,27.49
59.48,169.0,132.04,36.96,29.33
59.5,154.0,132.02,21.98,30.7
59.52,145.0,132.0,13.0,32.46
59.54,164.0,131.99,32.01,32.31
59.56,172.0,131.97,40.03,32.0
59.58,169.0,131.95,37.05,31.61
59.6,159.0,131.93,27.07,30.76
59.62,173.0,131.92,41.08,31.52
59.64,193.0,131.9,61.1,32.37
59.66,160.0,131.88,28.12,33.26
59.68,171.0,131.87,39.13,32.76
59.7,176.0,131.85,44.15,33.45
59.72,142.0,131.83,10.17,32.59
59.74,141.0,131.81,9.19,32.44
59.76,152.0,131.8,20.2,30.78
59.78,155.0,131.78,23.22,27.6
59.8,161.0,131.76,29.24,26.31
59.82,163.0,131.74,31.26,25.88
59.84,174.0,131.73,42.27,24.05
59.86,169.0,131.71,37.29,21.86
59.88,169.0,131.69,37.31,21.24
59.9,137.0,131.67,5.33,22.77
59.92,151.0,131.66,19.34,21.71
59.94,149.0,131.64,17.36,22.8
59.96,143.0,131.62,11.38,23.99
59.98,147.0,131.6,15.4,25.24
60.0,154.0,131.59,22.41,22.95
60.02,166.0,131.57,34.43,23.29
60.04,151.0,131.55,19.45,23.82
60.06,143.0,131.53,11.47,24.46
60.08,166.0,131.52,34.48,24.5
60.1,167.0,131.5,35.5,23.99
60.12,160.0,131.48,28.52,25.81
60.14,154.0,131.46,22.54,27.34
60.16,174.0,131.45,42.55,26.65
60.18,156.0,131.43,24.57,27.22
60.2,168.0,131.41,36.59,27.64
60.22,127.0,131.39,-4.39,27.42
60.24,183.0,131.38,51.62,26.61
60.26,150.0,131.36,18.64,26.77
60.28,144.0,131.34,12.66,28.06
60.3,143.0,131.32,11.68,27.54
60.32,154.0,131.31,22.69,26.69
60.34,184.0,131.29,52.71,26.44
60.36,151.0,131.27,19.73,26.4
60.38,161.0,131.25,29.75,27.93
60.4,168.0,131.24,36.76,26.06
60.42,159.0,131.22,27.78,27.33
60.44,157.0,131.2,25.8,27.39
60.46,157.0,131.18,25.82,28.54
60.48,167.0,131.17,35.83,26.88
60.5,156.0,131.15,24.85,28.01
60.52,147.0,131.13,15.87,28.87
60.54,160.0,131.11,28.89,26.44
60.56,152.0,131.1,20.9,25.81
60.58,163.0,131.08,31.92,24.55
60.6,166.0,131.06,34.94,26.27
60.62,128.0,131.04,-3.04,25.88
60.64,180.0,131.02,48.98,25.25
60.66,154.0,131.01,22.99,25.83
60.68,158.0,130.99,27.01,27.45
60.7,153.0,130.97,22.03,29.54
60.72,159.0,130.95,28.05,28.96
60.74,166.0,130.94,35.06,30.12
60.76,139.0,130.92,8.08,30.5
60.78,185.0,130.9,54.1,31.41
60.8,152.0,130.88,21.12,31.7
60.82,170.0,130.87,39.13,29.72
60.84,156.0,130.85,25.15,28.85
60.86,161.0,130.83,30.17,29.39
60.88,178.0,130.81,47.19,27.41
60.9,173.0,130.79,42.21,28.41
60.92,149.0,130.78,18.22,27.8
60.94,128.0,130.76,-2.76,27.26
60.96,171.0,130.74,40.26,26.51
60.98,155.0,130.72,24.28,25.77
61.0,157.0,130.71,26.29,26.45
61.02,129.0,130.69,-1.69,22.88
61.04,144.0,130.67,13.33,23.26
61.06,173.0,130.65,42.35,23.18
61.08,171.0,130.64,40.36,24.84
61.1,155.0,130.62,24.38,25.29
61.12,157.0,130.6,26.4,25.21
61.14,154.0,130.58,23.42,27.44
61.16,157.0,130.56,26.44,30.44
61.18,159.0,130.55,28.45,31.53
61.2,156.0,130.53,25.47,29.27
61.22,161.0,130.51,30.49,30.75
61.24,144.0,130.49,13.51,31.41
61.26,188.0,130.47,57.53,32.69
61.28,180.0,130.46,49.54,32.14
61.3,163.0,130.44,32.56,31.14
61.32,152.0,130.42,21.58,32.58
61.34,158.0,130.4,27.6,33.65
61.36,174.0,130.39,43.61,33.14
61.38,160.0,130.37,29.63,33.66
61.4,147.0,130.35,16.65,33.42
61.42,152.0,130.33,21.67,34.99
61.44,186.0,130.31,55.69,35.2
61.46,168.0,130.3,37.7,35.05
61.48,170.0,130.28,39.72,35.59
61.5,162.0,130.26,31.74,33.78
61.52,159.0,130.24,28.76,35.82
61.54,171.0,130.22,40.78,37.05
61.56,159.0,130.2,28.8,36.86
61.58,167.0,130.19,36.81,36.46
61.6,182.0,130.17,51.83,34.57
61.62,169.0,130.15,38.85,36.0
61.64,179.0,130.13,48.87,36.31
61.66,148.0,130.11,17.89,35.84
61.68,167.0,130.1,36.9,34.69
61.7,168.0,130.08,37.92,37.17
61.72,158.0,130.06,27.94,37.5
61.74,175.0,130.04,44.96,39.77
61.76,155.0,130.02,24.98,41.63
61.78,166.0,130.0,36.0,43.23
61.8,178.0,129.98,48.02,45.39
61.82,171.0,129.97,41.03,46.38
61.84,206.0,129.95,76.05,48.56
61.86,176.0,129.93,46.07,51.85
61.88,185.0,129.91,55.09,53.53
61.9,185.0,129.89,55.11,58.45
61.92,202.0,129.87,72.13,59.74
61.94,183.0,129.85,53.15,62.4
61.96,212.0,129.84,82.16,66.72
61.98,191.0,129.82,61.18,68.92
62.0,193.0,129.8,63.2,72.71
62.02,195.0,129.78,65.22,74.46
62.04,201.0,129.76,71.24,76.06
62.06,214.0,129.74,84.26,77.54
62.08,207.0,129.72,77.28,79.24
62.1,211.0,129.7,81.3,82.79
62.12,237.0,129.69,107.31,84.82
62.14,202.0,129.67,72.33,85.89
62.16,233.0,129.65,103.35,88.87
62.18,233.0,129.63,103.37,92.11
62.2,207.0,129.61,77.39,94.06
62.22,228.0,129.59,98.41,95.91
62.24,216.0,129.57,86.43,98.39
62.26,224.0,129.55,94.45,99.83
62.28,231.0,129.53,101.47,104.0
62.3,245.0,129.51,115.49,108.24
62.32,234.0,129.49,104.51,110.86
62.34,241.0,129.47,111.53,111.56
62.36,239.0,129.45,109.55,111.91
62.38,266.0,129.43,136.57,115.59
62.4,235.0,129.42,105.58,118.7
62.42,246.0,129.4,116.6,121.35
62.44,247.0,129.38,117.62,124.76
62.46,284.0,129.36,154.64,125.4
62.48,261.0,129.34,131.66,129.11
62.5,282.0,129.32,152.68,130.69
62.52,234.0,129.3,104.7,132.34
62.54,222.0,129.28,92.72,133.37
62.56,251.0,129.26,121.74,132.54
62.58,276.0,129.24,146.76,131.48
62.6,291.0,129.22,161.78,131.23
62.62,270.0,129.2,140.8,130.38
62.64,239.0,129.18,109.82,130.27
62.66,270.0,129.16,140.84,128.02
62.68,259.0,129.14,129.86,126.46
62.7,275.0,129.12,145.88,122.08
62.72,234.0,129.1,104.9,120.94
62.74,240.0,129.08,110.92,118.6
62.76,227.0,129.06,97.94,117.18
62.78,224.0,129.04,94.96,113.73
62.8,259.0,129.02,129.98,109.09
62.82,247.0,129.0,118.0,103.8
62.84,229.0,128.98,100.02,101.26
62.86,221.0,128.96,92.04,97.89
62.88,225.0,128.93,96.07,94.74
62.9,218.0,128.91,89.09,89.88
62.92,198.0,128.89,69.11,87.57
62.94,232.0,128.87,103.13,83.26
62.96,214.0,128.85,85.15,80.77
62.98,209.0,128.83,80.17,76.8
63.0,215.0,128.81,86.19,74.66
63.02,194.0,128.79,65.21,71.59
63.04,177.0,128.77,48.23,66.27
63.06,198.0,128.75,69.25,64.36
63.08,170.0,128.73,41.27,62.74
63.1,203.0,128.71,74.29,61.59
63.12,188.0,128.69,59.31,59.05
63.14,183.0,128.66,54.34,55.98
63.16,168.0,128.64,39.36,52.51
63.18,195.0,128.62,66.38,49.06
63.2,195.0,128.6,66.4,49.04
63.22,188.0,128.58,59.42,47.04
63.24,162.0,128.56,33.44,46.33
63.26,157.0,128.54,28.46,46.04
63.28,188.0,128.52,59.48,45.29
63.3,175.0,128.49,46.51,45.28
63.32,170.0,128.47,41.53,45.22
63.34,147.0,128.45,18.55,43.04
63.36,160.0,128.43,31.57,43.56
63.38,178.0,128.41,49.59,44.52
63.4,190.0,128.39,61.61,44.62
63.42,177.0,128.37,48.63,43.93
63.44,160.0,128.34,31.66,43.71
63.46,187.0,128.32,58.68,43.74
63.48,172.0,128.3,43.7,44.55
63.5,183.0,128.28,54.72,43.17
63.52,181.0,128.26,52.74,41.13
63.54,150.0,128.24,21.76,40.94
63.56,169.0,128.21,40.79,41.09
63.58,178.0,128.19,49.81,40.01
63.6,170.0,128.17,41.83,38.23
63.62,150.0,128.15,21.85,35.91
63.64,156.0,128.13,27.87,34.04
63.66,147.0,128.1,18.9,32.05
63.68,164.0,128.08,35.92,31.55
63.7,168.0,128.06,39.94,30.61
63.72,154.0,128.04,25.96,31.2
63.74,163.0,128.02,34.98,30.24
63.76,164.0,127.99,36.01,30.27
63.78,165.0,127.97,37.03,30.22
63.8,148.0,127.95,20.05,28.53
63.82,161.0,127.93,33.07,26.94
63.84,141.0,127.9,13.1,27.84
63.86,150.0,127.88,22.12,26.88
63.88,158.0,127.86,30.14,25.31
63.9,182.0,127.84,54.16,23.66
63.92,154.0,127.81,26.19,22.39
63.94,140.0,127.79,12.21,23.12
63.96,137.0,127.77,9.23,22.58
63.98,148.0,127.75,20.25,23.61
64.0,145.0,127.72,17.28,24.99
64.02,150.0,127.7,22.3,24.29
64.04,146.0,127.68,18.32,25.21
64.06,164.0,127.66,36.34,26.39
64.08,137.0,127.63,9.37,27.22
64.1,166.0,127.61,38.39,26.99
64.12,162.0,127.59,34.41,26.38
64.14,174.0,127.57,46.43,26.33
64.16,162.0,127.54,34.46,30.32
64.18,145.0,127.52,17.48,30.8
64.2,176.0,127.5,48.5,30.61
64.22,139.0,127.47,11.53,29.71
64.24,137.0,127.45,9.55,29.83
64.26,177.0,127.43,49.57,29.46
64.28,161.0,127.41,33.59,28.94
64.3,139.0,127.38,11.62,27.54
64.32,155.0,127.36,27.64,27.84
64.34,151.0,127.34,23.66,26.26
64.36,164.0,127.31,36.69,25.77
64.38,167.0,127.29,39.71,23.98
64.4,127.0,127.27,-0.27,24.62
64.42,159.0,127.24,31.76,25.76
64.44,155.0,127.22,27.78,24.54
64.46,159.0,127.2,31.8,26.08
64.48,148.0,127.17,20.83,25.61
64.5,147.0,127.15,19.85,22.92
64.52,149.0,127.13,21.87,23.19
64.54,156.0,127.11,28.89,23.09
64.56,144.0,127.08,16.92,22.5
64.58,142.0,127.06,14.94,22.53
64.6,148.0,127.04,20.96,23.09
64.62,172.0,127.01,44.99,23.83
64.64,153.0,126.99,26.01,23.47
64.66,135.0,126.97,8.03,21.0
64.68,154.0,126.94,27.06,21.69
64.7,141.0,126.92,14.08,22.61
64.72,134.0,126.9,7.1,22.44
64.74,162.0,126.87,35.13,21.48
64.76,159.0,126.85,32.15,21.72
64.78,159.0,126.83,32.17,22.29
64.8,145.0,126.8,18.2,23.3
64.82,147.0,126.78,20.22,21.94
64.84,130.0,126.75,3.25,20.78
64.86,136.0,126.73,9.27,19.77
64.88,164.0,126.71,37.29,21.72
64.9,164.0,126.68,37.32,21.08
64.92,142.0,126.66,15.34,20.66
64.94,132.0,126.64,5.36,20.29
64.96,155.0,126.61,28.39,19.75
64.98,163.0,126.59,36.41,18.28
65.0,143.0,126.57,16.43,20.01
65.02,135.0,126.54,8.46,21.45
65.04,130.0,126.52,3.48,21.29
65.06,156.0,126.5,29.5,22.13
65.08,151.0,126.47,24.53,22.73
65.1,155.0,126.45,28.55,21.07
65.12,133.0,126.42,6.58,20.08
65.14,163.0,126.4,36.6,21.44
65.16,142.0,126.38,15.62,23.15
65.18,160.0,126.35,33.65,23.36
65.2,153.0,126.33,26.67,23.04
65.22,160.0,126.31,33.69,23.63
65.24,134.0,126.28,7.72,25.25
65.26,135.0,126.26,8.74,24.55
65.28,167.0,126.24,40.76,24.01
65.3,141.0,126.21,14.79,22.12
65.32,144.0,126.19,17.81,22.01
65.34,163.0,126.16,36.84,21.55
65.36,156.0,126.14,29.86,21.67
65.38,146.0,126.12,19.88,22.19
65.4,145.0,126.09,18.91,23.67
65.42,149.0,126.07,22.93,22.83
65.44,142.0,126.05,15.95,23.46
65.46,146.0,126.02,19.98,24.97
65.48,139.0,126.0,13.0,27.02
65.5,160.0,125.97,34.03,26.46
65.52,148.0,125.95,22.05,25.7
65.54,161.0,125.93,35.07,27.64
65.56,159.0,125.9,33.1,27.88
65.58,166.0,125.88,40.12,27.24
65.6,168.0,125.86,42.14,28.63
65.62,137.0,125.83,11.17,29.67
65.64,146.0,125.81,20.19,29.93
65.66,166.0,125.79,40.21,30.32
65.68,165.0,125.76,39.24,30.57
65.7,147.0,125.74,21.26,31.82
65.72,145.0,125.71,19.29,33.43
65.74,161.0,125.69,35.31,32.43
65.76,162.0,125.67,36.33,31.43
65.78,150.0,125.64,24.36,30.16
65.8,152.0,125.62,26.38,31.2
65.82,168.0,125.6,42.4,31.63
65.84,157.0,125.57,31.43,31.63
65.86,160.0,125.55,34.45,32.87
65.88,165.0,125.52,39.48,31.28
65.9,162.0,125.5,36.5,30.83
65.92,169.0,125.48,43.52,29.84
65.94,141.0,125.45,15.55,29.48
65.96,125.0,125.43,-0.43,27.08
65.98,149.0,125.41,23.59,25.38
66.0,169.0,125.38,43.62,23.43
66.02,165.0,125.36,39.64,22.91
66.04,137.0,125.34,11.66,21.48
66.06,140.0,125.31,14.69,21.63
66.08,154.0,125.29,28.71,21.48
66.1,137.0,125.27,11.73,21.66
66.12,148.0,125.24,22.76,22.37
66.14,127.0,125.22,1.78,21.56
66.16,152.0,125.2,26.8,22.7
66.18,144.0,125.17,18.83,24.91
66.2,162.0,125.15,36.85,25.73
66.22,147.0,125.13,21.87,25.93
66.24,170.0,125.1,44.9,25.76
66.26,155.0,125.08,29.92,27.48
66.28,162.0,125.06,36.94,29.79
66.3,136.0,125.03,10.97,28.06
66.32,158.0,125.01,32.99,26.61
66.34,146.0,124.99,21.01,27.13
66.36,140.0,124.96,15.04,26.68
66.38,178.0,124.94,53.06,26.41
66.4,154.0,124.92,29.08,25.29
66.42,150.0,124.89,25.11,24.73
66.44,146.0,124.87,21.13,23.29
66.46,129.0,124.85,4.15,22.59
66.48,149.0,124.82,24.18,21.78
66.5,139.0,124.8,14.2,22.76
66.52,126.0,124.78,1.22,22.31
66.54,165.0,124.75,40.25,23.12
66.56,166.0,124.73,41.27,22.68
66.58,150.0,124.71,25.29,23.82
66.6,147.0,124.69,22.31,22.51
66.62,152.0,124.66,27.34,22.22
66.64,138.0,124.64,13.36,24.73
66.66,146.0,124.62,21.38,26.28
66.68,151.0,124.59,26.41,27.86
66.7,160.0,124.57,35.43,28.58
66.72,150.0,124.55,25.45,28.63
66.74,146.0,124.53,21.47,29.55
66.76,161.0,124.5,36.5,29.33
66.78,154.0,124.48,29.52,27.36
66.8,149.0,124.46,24.54,27.81
66.82,142.0,124.44,17.56,26.42
66.84,175.0,124.41,50.59,26.96
66.86,155.0,124.39,30.61,26.64
66.88,151.0,124.37,26.63,26.92
66.9,149.0,124.35,24.65,26.84
66.92,144.0,124.32,19.68,25.96
66.94,153.0,124.3,28.7,24.51
66.96,141.0,124.28,16.72,25.29
66.98,138.0,124.26,13.74,24.61
67.0,140.0,124.24,15.76,22.95
67.02,146.0,124.21,21.79,21.9
67.04,140.0,124.19,15.81,21.98
67.06,182.0,124.17,57.83,20.98
67.08,142.0,124.15,17.85,21.11
67.1,151.0,124.12,26.88,20.26
67.12,145.0,124.1,20.9,22.08
67.14,130.0,124.08,5.92,22.15
67.16,143.0,124.06,18.94,21.93
67.18,157.0,124.04,32.96,22.65
67.2,129.0,124.02,4.98,22.31
67.22,140.0,123.99,16.01,22.2
67.24,151.0,123.97,27.03,22.32
67.26,161.0,123.95,37.05,20.27
67.28,140.0,123.93,16.07,21.32
67.3,154.0,123.91,30.09,19.8
67.32,121.0,123.89,-2.89,21.21
67.34,179.0,123.86,55.14,21.31
67.36,117.0,123.84,-6.84,22.5
67.38,147.0,123.82,23.18,23.22
67.4,153.0,123.8,29.2,22.57
67.42,131.0,123.78,7.22,23.21
67.44,158.0,123.76,34.24,23.98
67.46,145.0,123.74,21.26,23.83
67.48,133.0,123.72,9.28,23.42
67.5,170.0,123.7,46.3,23.12
67.52,122.0,123.67,-1.67,23.53
67.54,156.0,123.65,32.35,23.26
67.56,160.0,123.63,36.37,23.95
67.58,152.0,123.61,28.39,21.55
67.6,144.0,123.59,20.41,23.17
67.62,146.0,123.57,22.43,23.27
67.64,151.0,123.55,27.45,23.67
67.66,138.0,123.53,14.47,24.18
67.68,150.0,123.51,26.49,23.61
67.7,134.0,123.49,10.51,24.23
67.72,141.0,123.47,17.53,24.79
67.74,149.0,123.45,25.55,23.99
67.76,153.0,123.43,29.57,25.75
67.78,146.0,123.41,22.59,23.44
67.8,144.0,123.39,20.61,22.99
67.82,165.0,123.37,41.63,22.77
67.84,162.0,123.35,38.65,22.52
67.86,134.0,123.33,10.67,22.2
67.88,144.0,123.31,20.69,21.46
67.9,149.0,123.29,25.71,22.12
67.92,142.0,123.27,18.73,21.01
67.94,147.0,123.25,23.75,22.23
67.96,134.0,123.23,10.77,21.66
67.98,137.0,123.21,13.79,21.11
68.0,128.0,123.19,4.81,20.15
68.02,146.0,123.17,22.83,19.65
68.04,145.0,123.15,21.85,19.22
68.06,151.0,123.13,27.87,18.84
68.08,150.0,123.11,26.89,19.97
68.1,145.0,123.09,21.91,21.79
68.12,156.0,123.07,32.93,21.58
68.14,140.0,123.05,16.95,21.9
68.16,157.0,123.03,33.97,22.85
68.18,129.0,123.01,5.99,21.94
68.2,136.0,122.99,13.01,22.28
68.22,136.0,122.97,13.03,21.27
68.24,150.0,122.95,27.05,19.57
68.26,151.0,122.93,28.07,16.99
68.28,146.0,122.91,23.09,16.13
68.3,143.0,122.89,20.11,15.81
68.32,142.0,122.88,19.12,16.7
68.34,133.0,122.86,10.14,17.62
68.36,137.0,122.84,14.16,18.43
68.38,134.0,122.82,11.18,18.55
68.4,125.0,122.8,2.2,18.83
68.42,148.0,122.78,25.22,19.82
68.44,133.0,122.76,10.24,19.64
68.46,140.0,122.74,17.26,19.51
68.48,154.0,122.72,31.28,19.17
68.5,162.0,122.7,39.3,19.38
68.52,155.0,122.69,32.31,18.45
68.54,149.0,122.67,26.33,18.79
68.56,136.0,122.65,13.35,19.61
68.58,134.0,122.63,11.37,20.67
68.6,128.0,122.61,5.39,22.07
68.62,153.0,122.59,30.41,22.97
68.64,138.0,122.57,15.43,23.29
68.66,146.0,122.55,23.45,23.02
68.68,138.0,122.54,15.46,23.86
68.7,139.0,122.52,16.48,23.13
68.72,139.0,122.5,16.5,22.88
68.74,144.0,122.48,21.52,23.91
68.76,174.0,122.46,51.54,25.96
68.78,160.0,122.44,37.56,26.49
68.8,155.0,122.42,32.58,25.83
68.82,154.0,122.41,31.59,24.51
68.84,137.0,122.39,14.61,24.12
68.86,144.0,122.37,21.63,22.78
68.88,147.0,122.35,24.65,22.32
68.9,141.0,122.33,18.67,22.12
68.92,140.0,122.31,17.69,22.46
68.94,148.0,122.3,25.7,24.12
68.96,143.0,122.28,20.72,23.87
68.98,133.0,122.26,10.74,23.67
69.0,122.0,122.24,-0.24,22.57
69.02,141.0,122.22,18.78,24.09
69.04,161.0,122.2,38.8,26.37
69.06,166.0,122.19,43.81,28.58
69.08,150.0,122.17,27.83,30.0
69.1,157.0,122.15,34.85,30.03
69.12,172.0,122.13,49.87,29.12
69.14,159.0,122.11,36.89,29.31
69.16,160.0,122.1,37.9,28.76
69.18,125.0,122.08,2.92,28.35
69.2,149.0,122.06,26.94,28.53
69.22,143.0,122.04,20.96,27.63
69.24,161.0,122.02,38.98,26.58
69.26,155.0,122.01,32.99,24.91
69.28,134.0,121.99,12.01,21.07
69.3,127.0,121.97,5.03,21.57
69.32,136.0,121.95,14.05,22.23
69.34,138.0,121.93,16.07,21.56
69.36,159.0,121.92,37.08,22.4
69.38,146.0,121.9,24.1,23.62
69.4,152.0,121.88,30.12,24.39
69.42,147.0,121.86,25.14,26.95
69.44,143.0,121.85,21.15,25.75
69.46,156.0,121.83,34.17,26.78
69.48,146.0,121.81,24.19,26.91
69.5,134.0,121.79,12.21,28.43
69.52,186.0,121.77,64.23,29.22
69.54,140.0,121.76,18.24,29.06
69.56,145.0,121.74,23.26,27.38
69.58,155.0,121.72,33.28,27.21
69.6,138.0,121.7,16.3,26.36
69.62,152.0,121.69,30.31,25.71
69.64,156.0,121.67,34.33,24.68
69.66,131.0,121.65,9.35,24.68
69.68,155.0,121.63,33.37,25.18
69.7,138.0,121.62,16.38,24.23
69.72,144.0,121.6,22.4,23.29
69.74,139.0,121.58,17.42,22.66
69.76,149.0,121.56,27.44,21.19
69.78,143.0,121.55,21.45,22.46
69.8,156.0,121.53,34.47,21.79
69.82,133.0,121.51,11.49,21.71
69.84,137.0,121.49,15.51,21.86
69.86,155.0,121.48,33.52,22.07
69.88,153.0,121.46,31.54,22.57
69.9,143.0,121.44,21.56,23.06
69.92,126.0,121.42,4.58,22.21
69.94,140.0,121.41,18.59,23.7
69.96,155.0,121.39,33.61,23.37
69.98,143.0,121.37,21.63,23.77
70.0,141.0,121.35,19.65,25.51
70.02,154.0,121.34,32.66,26.33
70.04,150.0,121.32,28.68,26.05
70.06,145.0,121.3,23.7,27.36
70.08,155.0,121.28,33.72,26.76
70.1,138.0,121.27,16.73,25.11
70.12,146.0,121.25,24.75,24.97
70.14,156.0,121.23,34.77,26.97
70.16,157.0,121.22,35.78,26.3
70.18,143.0,121.2,21.8,25.39
70.2,158.0,121.18,36.82,25.99
70.22,154.0,121.16,32.84,27.11
70.24,121.0,121.15,-0.15,27.06
70.26,139.0,121.13,17.87,28.09
70.28,151.0,121.11,29.89,28.47
70.3,139.0,121.1,17.9,28.76
70.32,146.0,121.08,24.92,28.89
70.34,167.0,121.06,45.94,30.1
70.36,168.0,121.04,46.96,28.92
70.38,135.0,121.03,13.97,30.44
70.4,172.0,121.01,50.99,30.55
70.42,161.0,120.99,40.01,32.2
70.44,145.0,120.97,24.03,32.25
70.46,150.0,120.96,29.04,34.36
70.48,159.0,120.94,38.06,36.04
70.5,135.0,120.92,14.08,34.78
70.52,156.0,120.91,35.09,33.87
70.54,157.0,120.89,36.11,33.13
70.56,156.0,120.87,35.13,32.63
70.58,149.0,120.86,28.14,31.66
70.6,174.0,120.84,53.16,30.79
70.62,135.0,120.82,14.18,31.92
70.64,168.0,120.8,47.2,30.05
70.66,148.0,120.79,27.21,31.56
70.68,161.0,120.77,40.23,32.81
70.7,141.0,120.75,20.25,31.91
70.72,142.0,120.74,21.26,31.82
70.74,150.0,120.72,29.28,32.59
70.76,153.0,120.7,32.3,31.4
70.78,161.0,120.68,40.32,30.6
70.8,141.0,120.67,20.33,31.69
70.82,148.0,120.65,27.35,30.67
70.84,171.0,120.63,50.37,30.38
70.86,147.0,120.62,26.38,31.83
70.88,164.0,120.6,43.4,30.14
70.9,146.0,120.58,25.42,31.16
70.92,141.0,120.57,20.43,30.86
70.94,160.0,120.55,39.45,31.39
70.96,151.0,120.53,30.47,29.74
70.98,145.0,120.51,24.49,29.64
71.0,149.0,120.5,28.5,31.2
71.02,162.0,120.48,41.52,31.43
71.04,131.0,120.46,10.54,33.33
71.06,165.0,120.45,44.55,32.23
71.08,148.0,120.43,27.57,32.15
71.1,146.0,120.41,25.59,33.29
71.12,161.0,120.4,40.6,32.84
71.14,151.0,120.38,30.62,34.86
71.16,156.0,120.36,35.64,35.85
71.18,159.0,120.35,38.65,35.4
71.2,182.0,120.33,61.67,36.04
71.22,160.0,120.31,39.69,35.19
71.24,135.0,120.29,14.71,34.22
71.26,156.0,120.28,35.72,33.6
71.28,135.0,120.26,14.74,32.51
71.3,162.0,120.24,41.76,30.65
71.32,150.0,120.23,29.77,28.04
71.34,155.0,120.21,34.79,27.12
71.36,162.0,120.19,41.81,25.43
71.38,138.0,120.18,17.82,24.32
71.4,131.0,120.16,10.84,23.89
71.42,140.0,120.14,19.86,24.59
71.44,135.0,120.13,14.87,24.27
71.46,149.0,120.11,28.89,25.58
71.48,142.0,120.09,21.91,26.66
71.5,134.0,120.07,13.93,26.26
71.52,155.0,120.06,34.94,27.19
71.54,133.0,120.04,12.96,25.37
71.56,182.0,120.02,61.98,26.49
71.58,145.0,120.01,24.99,28.32
71.6,154.0,119.99,34.01,30.36
71.62,164.0,119.97,44.03,32.07
71.64,147.0,119.96,27.04,31.13
71.66,130.0,119.94,10.06,31.12
71.68,149.0,119.92,29.08,31.02
71.7,155.0,119.91,35.09,29.9
71.72,147.0,119.89,27.11,29.19
71.74,146.0,119.87,26.13,29.19
71.76,143.0,119.86,23.14,26.78
71.78,170.0,119.84,50.16,25.89
71.8,154.0,119.82,34.18,23.44
71.82,131.0,119.81,11.19,25.16
71.84,127.0,119.79,7.21,24.06
71.86,139.0,119.77,19.23,23.57
71.88,162.0,119.76,42.24,23.81
71.9,136.0,119.74,16.26,24.15
71.92,138.0,119.72,18.28,22.71
71.94,144.0,119.71,24.29,23.17
71.96,149.0,119.69,29.31,22.42
71.98,126.0,119.67,6.33,21.31
72.0,151.0,119.66,31.34,21.57
72.02,147.0,119.64,27.36,22.2
72.04,150.0,119.62,30.38,24.65
72.06,132.0,119.61,12.39,25.54
72.08,146.0,119.59,26.41,24.89
72.1,147.0,119.57,27.43,25.52
72.12,152.0,119.56,32.44,25.8
72.14,138.0,119.54,18.46,27.95
72.16,147.0,119.52,27.48,27.58
72.18,130.0,119.51,10.49,27.79
72.2,159.0,119.49,39.51,27.07
72.22,167.0,119.47,47.53,28.4
72.24,149.0,119.46,29.54,28.02
72.26,139.0,119.44,19.56,27.84
72.28,138.0,119.42,18.58,28.18
72.3,156.0,119.41,36.59,29.13
72.32,164.0,119.39,44.61,28.29
72.34,134.0,119.37,14.63,28.18
72.36,144.0,119.36,24.64,28.82
72.38,136.0,119.34,16.66,27.78
72.4,153.0,119.32,33.68,27.82
72.42,143.0,119.31,23.69,28.67
72.44,166.0,119.29,46.71,28.05
72.46,140.0,119.27,20.73,29.31
72.48,139.0,119.26,19.74,29.63
72.5,158.0,119.24,38.76,30.09
72.52,149.0,119.22,29.78,29.53
72.54,142.0,119.21,22.79,27.95
72.56,151.0,119.19,31.81,28.04
72.58,151.0,119.17,31.83,27.89
72.6,138.0,119.16,18.84,28.41
72.62,175.0,119.14,55.86,28.41
72.64,147.0,119.12,27.88,27.94
72.66,138.0,119.11,18.89,27.82
72.68,137.0,119.09,17.91,26.35
72.7,127.0,119.08,7.92,27.1
72.72,154.0,119.06,34.94,25.72
72.74,138.0,119.04,18.96,23.52
72.76,141.0,119.03,21.97,23.48
72.78,154.0,119.01,34.99,22.55
72.8,146.0,118.99,27.01,22.19
72.82,167.0,118.98,48.02,21.19
72.84,127.0,118.96,8.04,22.88
72.86,137.0,118.94,18.06,22.27
72.88,129.0,118.93,10.07,23.32
72.9,134.0,118.91,15.09,24.86
72.92,145.0,118.9,26.1,24.18
72.94,133.0,118.88,14.12,23.86
72.96,143.0,118.86,24.14,21.82
72.98,156.0,118.85,37.15,21.34
73.0,143.0,118.83,24.17,21.27
73.02,154.0,118.81,35.19,21.64
73.04,139.0,118.8,20.2,23.9
73.06,162.0,118.78,43.22,25.4
73.08,114.0,118.77,-4.77,28.69
73.1,138.0,118.75,19.25,28.24
73.12,154.0,118.73,35.27,28.88
73.14,124.0,118.72,5.28,28.76
73.16,150.0,118.7,31.3,28.95
73.18,143.0,118.69,24.31,29.06
73.2,161.0,118.67,42.33,25.82
73.22,170.0,118.65,51.35,24.45
73.24,155.0,118.64,36.36,26.32
73.26,152.0,118.62,33.38,27.3
73.28,134.0,118.61,15.39,27.54
73.3,137.0,118.59,18.41,26.25
73.32,129.0,118.57,10.43,26.61
73.34,151.0,118.56,32.44,24.53
73.36,139.0,118.54,20.46,22.93
73.38,137.0,118.53,18.47,24.23
73.4,127.0,118.51,8.49,23.18
73.42,132.0,118.49,13.51,23.03
73.44,178.0,118.48,59.52,22.3
73.46,165.0,118.46,46.54,24.55
73.48,126.0,118.45,7.55,25.91
73.5,121.0,118.43,2.57,26.61
73.52,141.0,118.41,22.59,29.17
73.54,154.0,118.4,35.6,30.33
73.56,157.0,118.38,38.62,32.71
73.58,158.0,118.37,39.63,32.9
73.6,170.0,118.35,51.65,34.44
73.62,142.0,118.34,23.66,35.75
73.64,147.0,118.32,28.68,36.76
73.66,156.0,118.3,37.7,36.08
73.68,163.0,118.29,44.71,35.75
73.7,134.0,118.27,15.73,37.54
73.72,166.0,118.26,47.74,39.4
73.74,178.0,118.24,59.76,38.89
73.76,154.0,118.22,35.78,38.37
73.78,161.0,118.21,42.79,38.11
73.8,139.0,118.19,20.81,40.3
73.82,161.0,118.18,42.82,39.61
73.84,161.0,118.16,42.84,40.88
73.86,153.0,118.15,34.85,42.69
73.88,151.0,118.13,32.87,42.62
73.9,163.0,118.11,44.89,40.98
73.92,155.0,118.1,36.9,40.44
73.94,170.0,118.08,51.92,40.38
73.96,169.0,118.07,50.93,39.99
73.98,172.0,118.05,53.95,40.39
74.0,158.0,118.04,39.96,41.66
74.02,165.0,118.02,46.98,42.32
74.04,129.0,118.01,10.99,42.21
74.06,177.0,117.99,59.01,41.59
74.08,147.0,117.97,29.03,41.62
74.1,149.0,117.96,31.04,41.69
74.12,148.0,117.94,30.06,42.54
74.14,176.0,117.93,58.07,42.03
74.16,170.0,117.91,52.09,42.03
74.18,175.0,117.9,57.1,42.25
74.2,148.0,117.88,30.12,43.81
74.22,161.0,117.86,43.14,43.56
74.24,165.0,117.85,47.15,45.06
74.26,154.0,117.83,36.17,47.01
74.28,175.0,117.82,57.18,47.97
74.3,161.0,117.8,43.2,48.37
74.32,170.0,117.79,52.21,50.45
74.34,174.0,117.77,56.23,50.17
74.36,152.0,117.76,34.24,48.87
74.38,168.0,117.74,50.26,47.87
74.4,173.0,117.72,55.28,47.27
74.42,162.0,117.71,44.29,47.37
74.44,153.0,117.69,35.31,47.0
74.46,188.0,117.68,70.32,45.13
74.48,172.0,117.66,54.34,43.93
74.5,151.0,117.65,33.35,42.97
74.52,174.0,117.63,56.37,40.48
74.54,138.0,117.62,20.38,38.88
74.56,146.0,117.6,28.4,37.09
74.58,149.0,117.59,31.41,36.48
74.6,159.0,117.57,41.43,35.23
74.62,143.0,117.55,25.45,34.18
74.64,160.0,117.54,42.46,33.86
74.66,143.0,117.52,25.48,34.19
74.68,156.0,117.51,38.49,33.12
74.7,152.0,117.49,34.51,32.84
74.72,148.0,117.48,30.52,34.53
74.74,144.0,117.46,26.54,35.68
74.76,155.0,117.45,37.55,35.58
74.78,164.0,117.43,46.57,36.89
74.8,158.0,117.42,40.58,35.98
74.82,149.0,117.4,31.6,36.14
74.84,170.0,117.39,52.61,36.28
74.86,148.0,117.37,30.63,36.01
74.88,150.0,117.35,32.65,36.82
74.9,147.0,117.34,29.66,37.4
74.92,164.0,117.32,46.68,36.79
74.94,142.0,117.31,24.69,34.07
74.96,147.0,117.29,29.71,31.94
74.98,148.0,117.28,30.72,30.88
75.0,150.0,117.26,32.74,29.64
75.02,154.0,117.25,36.75,28.76
75.04,158.0,117.23,40.77,28.99
75.06,144.0,117.22,26.78,29.57
75.08,142.0,117.2,24.8,29.82
75.1,159.0,117.19,41.81,31.06
75.12,120.0,117.17,2.83,30.38
75.14,131.0,117.16,13.84,32.07
75.16,126.0,117.14,8.86,32.57
75.18,174.0,117.12,56.88,33.34
75.2,171.0,117.11,53.89,33.13
75.22,154.0,117.09,36.91,31.08
75.24,152.0,117.08,34.92,31.48
75.26,158.0,117.06,40.94,31.3
75.28,154.0,117.05,36.95,30.53
75.3,146.0,117.03,28.97,31.4
75.32,141.0,117.02,23.98,31.62
75.34,147.0,117.0,30.0,31.51
75.36,163.0,116.99,46.01,31.97
75.38,123.0,116.97,6.03,30.83
75.4,131.0,116.96,14.04,29.23
75.42,142.0,116.94,25.06,25.77
75.44,135.0,116.93,18.07,26.58
75.46,172.0,116.91,55.09,27.49
75.48,135.0,116.9,18.1,27.24
75.5,144.0,116.88,27.12,28.5
75.52,162.0,116.87,45.13,28.24
75.54,145.0,116.85,28.15,28.45
75.56,142.0,116.84,25.16,28.6
75.58,142.0,116.82,25.18,27.65
75.6,151.0,116.81,34.19,26.9
75.62,134.0,116.79,17.21,28.17
75.64,140.0,116.78,23.22,27.28
75.66,159.0,116.76,42.24,26.23
75.68,137.0,116.75,20.25,24.71
75.7,139.0,116.73,22.27,22.85
75.72,146.0,116.72,29.28,23.29
75.74,113.0,116.7,-3.7,21.83
75.76,147.0,116.69,30.31,22.13
75.78,140.0,116.67,23.33,22.36
75.8,133.0,116.66,16.34,22.28
75.82,145.0,116.64,28.36,22.62
75.84,150.0,116.63,33.37,22.68
75.86,138.0,116.61,21.39,23.59
75.88,131.0,116.6,14.4,23.44
75.9,131.0,116.58,14.42,24.78
75.92,146.0,116.57,29.43,25.83
75.94,144.0,116.55,27.45,27.0
75.96,149.0,116.54,32.46,27.36
75.98,151.0,116.52,34.48,26.91
76.0,129.0,116.51,12.49,26.51
76.02,152.0,116.49,35.51,26.39
76.04,148.0,116.48,31.52,24.73
76.06,140.0,116.47,23.53,24.64
76.08,145.0,116.45,28.55,23.25
76.1,143.0,116.44,26.56,23.15
76.12,145.0,116.42,28.58,22.55
76.14,121.0,116.41,4.59,21.85
76.16,145.0,116.39,28.61,20.19
76.18,121.0,116.38,4.62,20.03
76.2,130.0,116.36,13.64,20.7
76.22,152.0,116.35,35.65,19.57
76.24,116.0,116.33,-0.33,19.42
76.26,133.0,116.32,16.68,18.22
76.28,155.0,116.3,38.7,19.27
76.3,120.0,116.29,3.71,20.52
76.32,152.0,116.27,35.73,20.6
76.34,142.0,116.26,25.74,21.06
76.36,141.0,116.25,24.75,20.52
76.38,133.0,116.23,16.77,21.46
76.4,145.0,116.22,28.78,21.82
76.42,135.0,116.2,18.8,24.46
76.44,116.0,116.19,-0.19,23.66
76.46,152.0,116.17,35.83,23.94
76.48,147.0,116.16,30.84,25.44
76.5,146.0,116.14,29.86,24.66
76.52,133.0,116.13,16.87,24.37
76.54,127.0,116.12,10.88,23.99
76.56,139.0,116.1,22.9,23.06
76.58,141.0,116.09,24.91,22.77
76.6,164.0,116.07,47.93,22.12
76.62,152.0,116.06,35.94,21.95
76.64,138.0,116.04,21.96,22.83
76.66,118.0,116.03,1.97,22.73
76.68,146.0,116.01,29.99,23.49
76.7,132.0,116.0,16.0,22.72
76.72,132.0,115.99,16.01,23.63
76.74,129.0,115.97,13.03,23.76
76.76,128.0,115.96,12.04,25.64
76.78,155.0,115.94,39.06,24.95
76.8,130.0,115.93,14.07,24.06
76.82,151.0,115.91,35.09,23.49
76.84,156.0,115.9,40.1,23.66
76.86,154.0,115.88,38.12,24.62
76.88,128.0,115.87,12.13,25.19
76.9,157.0,115.86,41.14,25.73
76.92,135.0,115.84,19.16,25.12
76.94,133.0,115.83,17.17,25.45
76.96,136.0,115.81,20.19,24.22
76.98,148.0,115.8,32.2,23.82
77.0,118.0,115.78,2.22,23.27
77.02,144.0,115.77,28.23,22.99
77.04,138.0,115.76,22.24,24.14
77.06,142.0,115.74,26.26,22.84
77.08,130.0,115.73,14.27,23.35
77.1,144.0,115.71,28.29,24.02
77.12,149.0,115.7,33.3,24.8
77.14,140.0,115.68,24.32,24.65
77.16,134.0,115.67,18.33,26.55
77.18,143.0,115.66,27.34,26.42
77.2,159.0,115.64,43.36,27.01
77.22,147.0,115.63,31.37,26.77
77.24,144.0,115.61,28.39,27.85
77.26,132.0,115.6,16.4,25.99
77.28,131.0,115.59,15.41,25.81
77.3,146.0,115.57,30.43,25.78
77.32,137.0,115.56,21.44,25.98
77.34,144.0,115.54,28.46,24.62
77.36,148.0,115.53,32.47,25.24
77.38,139.0,115.51,23.49,25.41
77.4,133.0,115.5,17.5,24.4
77.42,147.0,115.49,31.51,23.5
77.44,130.0,115.47,14.53,23.43
77.46,143.0,115.46,27.54,23.55
77.48,133.0,115.44,17.56,24.09
77.5,149.0,115.43,33.57,25.22
77.52,146.0,115.42,30.58,25.44
77.54,138.0,115.4,22.6,25.0
77.56,136.0,115.39,20.61,26.6
77.58,148.0,115.37,32.63,26.3
77.6,126.0,115.36,10.64,24.74
77.62,137.0,115.34,21.66,25.4
77.64,150.0,115.33,34.67,25.23
77.66,143.0,115.32,27.68,24.48
77.68,137.0,115.3,21.7,24.93
77.7,156.0,115.29,40.71,24.41
77.72,146.0,115.27,30.73,25.59
77.74,135.0,115.26,19.74,25.13
77.76,135.0,115.25,19.75,24.88
77.78,140.0,115.23,24.77,25.6
77.8,113.0,115.22,-2.22,24.53
77.82,132.0,115.2,16.8,24.36
77.84,163.0,115.19,47.81,24.69
77.86,137.0,115.18,21.82,24.26
77.88,143.0,115.16,27.84,23.67
77.9,147.0,115.15,31.85,23.36
77.92,143.0,115.13,27.87,23.36
77.94,142.0,115.12,26.88,22.3
77.96,122.0,115.11,6.89,23.47
77.98,133.0,115.09,17.91,22.9
78.0,146.0,115.08,30.92,22.44
78.02,129.0,115.06,13.94,23.45
78.04,152.0,115.05,36.95,23.27
78.06,136.0,115.04,20.96,22.31
78.08,140.0,115.02,24.98,22.6
78.1,127.0,115.01,11.99,25.06
78.12,134.0,114.99,19.01,26.05
78.14,144.0,114.98,29.02,26.4
78.16,135.0,114.97,20.03,28.26
78.18,148.0,114.95,33.05,28.34
78.2,134.0,114.94,19.06,27.89
78.22,161.0,114.92,46.08,27.68
78.24,157.0,114.91,42.09,27.98
78.26,133.0,114.9,18.1,27.42
78.28,159.0,114.88,44.12,26.97
78.3,147.0,114.87,32.13,26.54
78.32,136.0,114.86,21.14,26.18
78.34,130.0,114.84,15.16,24.97
78.36,127.0,114.83,12.17,22.47
78.38,141.0,114.81,26.19,22.82
78.4,118.0,114.8,3.2,22.9
78.42,142.0,114.79,27.21,21.3
78.44,155.0,114.77,40.23,21.04
78.46,129.0,114.76,14.24,20.7
78.48,121.0,114.74,6.26,20.53
78.5,146.0,114.73,31.27,21.17
78.52,125.0,114.72,10.28,20.36
78.54,147.0,114.7,32.3,21.74
78.56,132.0,114.69,17.31,23.87
78.58,151.0,114.67,36.33,24.04
78.6,164.0,114.66,49.34,25.52
78.62,121.0,114.65,6.35,26.16
78.64,129.0,114.63,14.37,28.64
78.66,147.0,114.62,32.38,27.29
78.68,140.0,114.61,25.39,27.18
78.7,125.0,114.59,10.41,28.74
78.72,152.0,114.58,37.42,28.75
78.74,147.0,114.56,32.44,27.84
78.76,154.0,114.55,39.45,28.77
78.78,152.0,114.54,37.46,28.06
78.8,135.0,114.52,20.48,28.39
78.82,161.0,114.51,46.49,27.11
78.84,134.0,114.49,19.51,28.4
78.86,139.0,114.48,24.52,29.87
78.88,115.0,114.47,0.53,28.24
78.9,148.0,114.45,33.55,27.23
78.92,151.0,114.44,36.56,27.07
78.94,142.0,114.42,27.58,26.6
78.96,143.0,114.41,28.59,25.05
78.98,145.0,114.4,30.6,25.63
79.0,136.0,114.38,21.62,25.39
79.02,138.0,114.37,23.63,25.73
79.04,139.0,114.36,24.64,26.08
79.06,151.0,114.34,36.66,27.08
79.08,126.0,114.33,11.67,27.26
79.1,139.0,114.31,24.69,27.88
79.12,149.0,114.3,34.7,28.97
79.14,142.0,114.29,27.71,27.38
79.16,145.0,114.27,30.73,27.57
79.18,145.0,114.26,30.74,28.18
79.2,145.0,114.24,30.76,28.28
79.22,134.0,114.23,19.77,28.85
79.24,144.0,114.22,29.78,29.29
79.26,146.0,114.2,31.8,28.86
79.28,151.0,114.19,36.81,28.15
79.3,122.0,114.17,7.83,27.06
79.32,165.0,114.16,50.84,27.55
79.34,137.0,114.15,22.85,25.44
79.36,129.0,114.13,14.87,24.43
79.38,141.0,114.12,26.88,23.99
79.4,140.0,114.11,25.89,23.5
79.42,138.0,114.09,23.91,23.92
79.44,138.0,114.08,23.92,22.05
79.46,129.0,114.06,14.94,21.87
79.48,130.0,114.05,15.95,20.38
79.5,132.0,114.04,17.96,19.79
79.52,135.0,114.02,20.98,19.54
79.54,141.0,114.01,26.99,20.02
79.56,127.0,113.99,13.01,19.0
79.58,143.0,113.98,29.02,20.89
79.6,135.0,113.97,21.03,20.77
79.62,136.0,113.95,22.05,19.51
79.64,130.0,113.94,16.06,19.4
79.66,113.0,113.92,-0.92,20.49
79.68,153.0,113.91,39.09,21.55
79.7,130.0,113.9,16.1,21.25
79.72,141.0,113.88,27.12,21.13
79.74,138.0,113.87,24.13,21.28
79.76,138.0,113.86,24.14,20.96
79.78,136.0,113.84,22.16,21.21
79.8,131.0,113.83,17.17,21.56
79.82,126.0,113.81,12.19,22.0
79.84,136.0,113.8,22.2,22.56
79.86,149.0,113.79,35.21,23.23
79.88,147.0,113.77,33.23,24.04
79.9,129.0,113.76,15.24,24.98
79.92,126.0,113.74,12.26,26.07
79.94,151.0,113.73,37.27,27.32
79.96,143.0,113.72,29.28,28.74
79.98,139.0,113.7,25.3,30.33
80.0,150.0,113.69,36.31,32.11
